vacancy_name,employer_name,city,station_name,salary_min,salary_max,salary_currency,vacancy_link,site_address
Старший python-разработчик,ООО Тулстрек,Москва,Кропоткинская,170000,220000,руб.,https://pushkino.hh.ru/vacancy/46531633,https://hh.ru
Middle-Senior Python Backend разработчик,ТОО JOO ANALYTICS,Алматы,,400000,600000,KZT,https://pushkino.hh.ru/vacancy/46684908,https://hh.ru
Python-разработчик,Сбер. IT,Москва,,,,,https://pushkino.hh.ru/vacancy/46558794,https://hh.ru
Middle Python developer,IBA Group,Минск,Уручье,,,,https://pushkino.hh.ru/vacancy/44343327,https://hh.ru
Junior Python developer (в Сочи),ООО Привет,Сочи,,65000,,,https://pushkino.hh.ru/vacancy/45849649,https://hh.ru
Back-end Developer (Node/Java/Python),Сбер. IT,Москва,,,,,https://pushkino.hh.ru/vacancy/46222999,https://hh.ru
"Junior программист python, django, удалённо",KIAN,Барнаул,,,,,https://pushkino.hh.ru/vacancy/46442719,https://hh.ru
Backend разработчик на Python / Java в Яндекс. Диск,Яндекс,Москва,Парк культуры,,,,https://pushkino.hh.ru/vacancy/46606188,https://hh.ru
Python developer / data engineer (Jun->Mid),Wunder Fund,Москва,,120000,150000,руб.,https://pushkino.hh.ru/vacancy/46392030,https://hh.ru
Программист Python (удаленно),Diamond Personnel R&C,Москва,,200000,280000,руб.,https://pushkino.hh.ru/vacancy/46694366,https://hh.ru
Разработчик Python ( middle),ООО Диджитал Энерджи,Москва,,170000,230000,руб.,https://pushkino.hh.ru/vacancy/46495424,https://hh.ru
Разработчик Python,ООО Доверенная среда,Москва,Румянцево,180000,,,https://pushkino.hh.ru/vacancy/46717683,https://hh.ru
Junior разработчик Python Django,ООО Инсейлс Рус,Москва,Комсомольская,40000,80000,руб.,https://pushkino.hh.ru/vacancy/45517979,https://hh.ru
Стажер-разработчик бэкенда (Python),Яндекс,Москва,,,,,https://pushkino.hh.ru/vacancy/46704617,https://hh.ru
Программист Python,ООО Артистраж,Москва,,60000,200000,руб.,https://pushkino.hh.ru/vacancy/46539766,https://hh.ru
Python developer (Middle+/Senior),ООО Вайт Код,Санкт-Петербург,Петроградская,250000,400000,руб.,https://pushkino.hh.ru/vacancy/46417735,https://hh.ru
Python-разработчик,FunBox,Санкт-Петербург,,130000,,,https://pushkino.hh.ru/vacancy/46412760,https://hh.ru
Python разработчик,ООО МОНСТР,Москва,Курская,250000,,,https://pushkino.hh.ru/vacancy/46314277,https://hh.ru
"Python-разработчик (Django, DRF)",ООО Фабрика Решений,Москва,Сухаревская,60000,150000,руб.,https://pushkino.hh.ru/vacancy/39736489,https://hh.ru
Python Backend Developer (FastAPI),Plutoview,Москва,,100000,250000,руб.,https://pushkino.hh.ru/vacancy/46451141,https://hh.ru
Python-разработчик,УП ВЕБ СОЛЮШЕНС,Минск,,2300,,,https://pushkino.hh.ru/vacancy/46251657,https://hh.ru
Python developer,ООО Wizart,Воронеж,,,,,https://pushkino.hh.ru/vacancy/46205756,https://hh.ru
Lead Python Developer (remote),Reinvent Baltics,Санкт-Петербург,,3500,5500,EUR,https://pushkino.hh.ru/vacancy/46212551,https://hh.ru
Программист Python,ООО Карренси Ком Бел,Минск,,,,,https://pushkino.hh.ru/vacancy/46551542,https://hh.ru
Middle Backend developer (Python),Agena Tech,Киев,,2000,4000,USD,https://pushkino.hh.ru/vacancy/46443428,https://hh.ru
Python Developer (Django) / Разработчик на Python (Django),ООО Вечная Молодость,Санкт-Петербург,,100000,,,https://pushkino.hh.ru/vacancy/46425297,https://hh.ru
Младший разработчик Python,Exactpro,Кострома,,47000,68000,руб.,https://pushkino.hh.ru/vacancy/46657885,https://hh.ru
Backend-разработчик (Python),АО Эшелон Технологии,Москва,,70000,140000,руб.,https://pushkino.hh.ru/vacancy/46666248,https://hh.ru
Python backend developer,O.Vision,Санкт-Петербург,,100000,,,https://pushkino.hh.ru/vacancy/46245740,https://hh.ru
Python developer / Junior ML engineer,ООО Целус Менеджмент,Москва,Сходненская,,,,https://pushkino.hh.ru/vacancy/46199599,https://hh.ru
Ведущий программист Python,Тензор,Новосибирск,,225000,,,https://pushkino.hh.ru/vacancy/37248482,https://hh.ru
Python Developer / Разработчик Python,Демеш Анна Константиновна,Новосибирск,,,,,https://pushkino.hh.ru/vacancy/46672878,https://hh.ru
Team Lead Python/Django,CATAPULTO.RU,Москва,Павелецкая,300000,400000,руб.,https://pushkino.hh.ru/vacancy/44433173,https://hh.ru
Backend Senior разработчик Python / ведущий разработчик,AstraLab,Воронеж,,150000,300000,руб.,https://pushkino.hh.ru/vacancy/46124734,https://hh.ru
Программист Python,Тензор,Кострома,,115000,220000,руб.,https://pushkino.hh.ru/vacancy/46690500,https://hh.ru
Junior+ Python Back End Developer,EVO,Киев,,,2000,USD,https://pushkino.hh.ru/vacancy/46309261,https://hh.ru
Разработчик Python / Django,Дизайн Депо,Москва,,80000,,,https://pushkino.hh.ru/vacancy/46170713,https://hh.ru
Python Developer,ИП Шпак Виктория Сергеевна,Москва,,200000,350000,руб.,https://pushkino.hh.ru/vacancy/46660773,https://hh.ru
Python разработчик,ЗАО Институт телекоммуникаций,Санкт-Петербург,Лесная,100000,,,https://pushkino.hh.ru/vacancy/43818527,https://hh.ru
Python-разработчик,FunBox,Ульяновск,,130000,,,https://pushkino.hh.ru/vacancy/46412758,https://hh.ru
Python developer,ООО КОМТЕК,Уфа,,40000,120000,руб.,https://pushkino.hh.ru/vacancy/45978267,https://hh.ru
QA Automation Python,ООО СофтКорп,Минск,,1500,2800,USD,https://pushkino.hh.ru/vacancy/46661373,https://hh.ru
Middle QA Automation Engineer (Python),Scalable Solutions,Санкт-Петербург,,180000,250000,руб.,https://pushkino.hh.ru/vacancy/46339361,https://hh.ru
Python-разработчик,FunBox,Томск,,130000,,,https://pushkino.hh.ru/vacancy/46412763,https://hh.ru
"Разработчик Oracle, MS SQL, Python, Pandas, NumPy",Nokia Networks,Казань,,,,,https://pushkino.hh.ru/vacancy/46699273,https://hh.ru
Разработчик Python,ООО Subtotal,Санкт-Петербург,Петроградская,120000,160000,руб.,https://pushkino.hh.ru/vacancy/46199185,https://hh.ru
Python Django developer,Emphasoft,Санкт-Петербург,,,,,https://pushkino.hh.ru/vacancy/46708883,https://hh.ru
Python developer,Сайтсофт,Екатеринбург,Геологическая,70000,90000,руб.,https://pushkino.hh.ru/vacancy/45961829,https://hh.ru
Python developer,ООО Технократия,Казань,Кремлевская,,,,https://pushkino.hh.ru/vacancy/46664532,https://hh.ru
Python-разработчик,Mail.ru Group,Москва,,,,,https://pushkino.hh.ru/vacancy/46715509,https://hh.ru
"Python Django разработчик, удаленно",эдмин,Екатеринбург,,150000,200000,руб.,https://pushkino.hh.ru/vacancy/46666513,https://hh.ru
Python-developer,ООО Алма,Казань,Кремлевская,100000,220000,руб.,https://pushkino.hh.ru/vacancy/46204923,https://hh.ru
Python разработчик,idaproject,Москва,Калужская,70000,,,https://pushkino.hh.ru/vacancy/46154512,https://hh.ru
Python Developer (Middle/Senior),Sibedge,Нижний Новгород,,200000,,,https://pushkino.hh.ru/vacancy/45312291,https://hh.ru
Python-разработчик,Surf,Воронеж,,,,,https://pushkino.hh.ru/vacancy/46674077,https://hh.ru
Python Developer / Разработчик Python,Демеш Анна Константиновна,Новосибирск,,,,,https://pushkino.hh.ru/vacancy/46672878,https://hh.ru
Python developer,Кадровое агентство Алексея Сухорукова,Новосибирск,,120000,250000,руб.,https://pushkino.hh.ru/vacancy/44767329,https://hh.ru
"Python Django разработчик, удаленно",эдмин,Красногорск,,150000,200000,руб.,https://pushkino.hh.ru/vacancy/46666514,https://hh.ru
Программист Python,ПОИСК,Ярославль,,100000,150000,руб.,https://pushkino.hh.ru/vacancy/46243849,https://hh.ru
Python Developer (remote),Brandquad,Москва,,150000,220000,руб.,https://pushkino.hh.ru/vacancy/46297148,https://hh.ru
Разработчик Python (Python Developer),Нума Технологии,Санкт-Петербург,Электросила,,,,https://pushkino.hh.ru/vacancy/46142981,https://hh.ru
Python Developer (Django),Cerevrum,Санкт-Петербург,,130000,160000,руб.,https://pushkino.hh.ru/vacancy/45988894,https://hh.ru
Python developer,ООО Технократия,Казань,Кремлевская,,,,https://pushkino.hh.ru/vacancy/46664532,https://hh.ru
Python developer удаленно,B2Broker Санкт-Петербург,Санкт-Петербург,Горьковская,180000,230000,руб.,https://pushkino.hh.ru/vacancy/44476355,https://hh.ru
Python Middleware Developer,Emlid,Санкт-Петербург,Выборгская,,,,https://pushkino.hh.ru/vacancy/46390942,https://hh.ru
Junior+ Python Back End Developer,ООО Проект Дилбай,Минск,,,2000,USD,https://pushkino.hh.ru/vacancy/46309315,https://hh.ru
Python-разработчик Pre Middle / Middle,ООО ИТС,Тюмень,,60000,140000,руб.,https://pushkino.hh.ru/vacancy/46684598,https://hh.ru
Стажер SberSeasons (SQL / Python),Сбер для экспертов,Екатеринбург,,,,,https://pushkino.hh.ru/vacancy/46644005,https://hh.ru
Senior Python developer,AppQuantum,Москва,Автозаводская,200000,,,https://pushkino.hh.ru/vacancy/46327140,https://hh.ru
Python разработчик,ТОО Моторная компания «Астана-Моторс,Алматы,,800000,,,https://pushkino.hh.ru/vacancy/46163422,https://hh.ru
Python Developer Middle / Senior ( удаленная работа),Kozmonot,Алматы,,110000,,,https://pushkino.hh.ru/vacancy/46216803,https://hh.ru
Python-разработчик,Surf,Воронеж,,,,,https://pushkino.hh.ru/vacancy/46674077,https://hh.ru
Senior Python Backend Developer,App in the Air,Москва,,3000,,,https://pushkino.hh.ru/vacancy/46673127,https://hh.ru
Python-разработчик,VSEMAYKI.RU,Новосибирск,Площадь Ленина,100000,,,https://pushkino.hh.ru/vacancy/46343928,https://hh.ru
Senior Python разработчик,Ассоциация IPChain,Москва,,240000,,,https://pushkino.hh.ru/vacancy/42600063,https://hh.ru
Python developer,B2Broker Санкт-Петербург,Санкт-Петербург,Горьковская,180000,,,https://pushkino.hh.ru/vacancy/45610753,https://hh.ru
Python-разработчик,ANCOR,Москва,,,,,https://pushkino.hh.ru/vacancy/46717978,https://hh.ru
Разработчик Python,ООО Соушиал Линкс,Москва,Калужская,60000,,,https://pushkino.hh.ru/vacancy/46599828,https://hh.ru
Senior Python Developer (удаленно),Кадровое агентство Алексея Сухорукова,Новосибирск,,2500,4000,EUR,https://pushkino.hh.ru/vacancy/45468885,https://hh.ru
Python Django developer,Emphasoft,Санкт-Петербург,,,,,https://pushkino.hh.ru/vacancy/46708883,https://hh.ru
Python Developer,GeliosSoft,Минск,,,,,https://pushkino.hh.ru/vacancy/46244699,https://hh.ru
Senior Backend Разработчик (Python),Life Vision,США,,,4000,USD,https://pushkino.hh.ru/vacancy/46621851,https://hh.ru
Python Developer (Middle/Senior),Sibedge,Новосибирск,,200000,,,https://pushkino.hh.ru/vacancy/45312073,https://hh.ru
Middle Full-Stack Python Developer,АО Казахстанская фондовая биржа,Алматы,,,,,https://pushkino.hh.ru/vacancy/46070213,https://hh.ru
Python Developer,LOOQME,Киев,,,7000,USD,https://pushkino.hh.ru/vacancy/46666091,https://hh.ru
Python Backend Developer,Saber Interactive,Санкт-Петербург,Удельная,,,,https://pushkino.hh.ru/vacancy/38309211,https://hh.ru
Python developer,Сайтсофт,Екатеринбург,Геологическая,70000,90000,руб.,https://pushkino.hh.ru/vacancy/45961829,https://hh.ru
QA Engineer(python),Wanted,Санкт-Петербург,,,175000,руб.,https://pushkino.hh.ru/vacancy/46693471,https://hh.ru
Python Developer,Toughbyte,Дания,,,,,https://pushkino.hh.ru/vacancy/46678378,https://hh.ru
Разработчик Python (backend),АО Точных Приборов,Москва,Ботанический сад,80000,150000,руб.,https://pushkino.hh.ru/vacancy/45157245,https://hh.ru
Python Developer,ЕВРАЗ. ИТ-специалисты,Новосибирск,,,,,https://pushkino.hh.ru/vacancy/45358393,https://hh.ru
Python Data Engineer (Wind),Semrush,Санкт-Петербург,Московские ворота,,,,https://pushkino.hh.ru/vacancy/46356994,https://hh.ru
Python Developer,ООО Consult Business Partner,Киев,,,,,https://pushkino.hh.ru/vacancy/46692789,https://hh.ru
Python Developer,A-hiring,Москва,,80000,250000,руб.,https://pushkino.hh.ru/vacancy/46665044,https://hh.ru
Middle Backend разработчик (Python),ANVIO,Москва,Краснопресненская,,150000,руб.,https://pushkino.hh.ru/vacancy/46017119,https://hh.ru
Python разработчик (Middle+/Senior),ООО Строительный Двор,Москва,,200000,250000,руб.,https://pushkino.hh.ru/vacancy/45806688,https://hh.ru
Python Developer,Метинвест Диджитал,Киев,,,,,https://pushkino.hh.ru/vacancy/45988593,https://hh.ru
Программист Python,ПОИСК,Ярославль,,100000,150000,руб.,https://pushkino.hh.ru/vacancy/46243849,https://hh.ru
Аналитик Python (middle/senior),ООО Диплей,Нижний Новгород,,,,,https://pushkino.hh.ru/vacancy/46711081,https://hh.ru
Senior C++/Python Developer,ООО МПК Софт,Санкт-Петербург,,140000,220000,руб.,https://pushkino.hh.ru/vacancy/46191685,https://hh.ru
Главный разработчик Python,НПФ БУДУЩЕЕ,Москва,Трубная,,200000,руб.,https://pushkino.hh.ru/vacancy/46469775,https://hh.ru
Старший Python-разработчик,ООО АУДИТ-КОНСАЛТИНГ,Киров (Кировская область),,150000,,,https://pushkino.hh.ru/vacancy/43106099,https://hh.ru
Python разработчик / Data Engineer (сервисы highload),KamaGames Studio,Москва,Новокузнецкая,,,,https://pushkino.hh.ru/vacancy/46268466,https://hh.ru
Backend разработчик Django/Python,Новые технологии,Кострома,,100000,,,https://pushkino.hh.ru/vacancy/43955935,https://hh.ru
Middle/Senior Python Developer,ООО Юнайтед Иншуренс Компани,Москва,,,220000,руб.,https://pushkino.hh.ru/vacancy/46008191,https://hh.ru
Разработчик Python,Московский Кредитный Банк,Москва,,,,,https://pushkino.hh.ru/vacancy/46661596,https://hh.ru
Python developer Middle,ООО Лофт,Краснодар,,100000,,,https://pushkino.hh.ru/vacancy/45135675,https://hh.ru
Test Automation Engineer (Python),ООО СТМ,Нижний Новгород,,,,,https://pushkino.hh.ru/vacancy/45873272,https://hh.ru
Инженер по автоматизации тестирования / Python разработчик,ООО Основа Лаб,Москва,Бауманская,,,,https://pushkino.hh.ru/vacancy/46193581,https://hh.ru
Middle Python Developer (R&D),ЦРТ | Группа компаний,Санкт-Петербург,Выборгская,,,,https://pushkino.hh.ru/vacancy/46287698,https://hh.ru
Python-разработчик,Кадровое агентство Алексея Сухорукова,Новосибирск,,70000,140000,руб.,https://pushkino.hh.ru/vacancy/44626254,https://hh.ru
Python-разработчик,Центр Методического Обеспечения Оптимизации Процессов Государственного Управления в Московской области,Москва,,,,,https://pushkino.hh.ru/vacancy/46344804,https://hh.ru
"Python Django разработчик, удаленно",эдмин,Красногорск,,150000,200000,руб.,https://pushkino.hh.ru/vacancy/46666514,https://hh.ru
Разработчик Python,ДомКлик,Москва,Кутузовская,,,,https://pushkino.hh.ru/vacancy/43068966,https://hh.ru
Backend разработчик (Python),ООО Флайдата,Москва,Багратионовская,,,,https://pushkino.hh.ru/vacancy/46292610,https://hh.ru
Python Backend Developer (Middle),OutStream,Санкт-Петербург,,220000,,,https://pushkino.hh.ru/vacancy/46690842,https://hh.ru
Старший Python-разработчик,ООО АУДИТ-КОНСАЛТИНГ,Пермь,,150000,,,https://pushkino.hh.ru/vacancy/46273982,https://hh.ru
Программист Python,Деловые люди,Владивосток,,110000,110000,руб.,https://pushkino.hh.ru/vacancy/46252392,https://hh.ru
Senior Python Developer,Incorra,Санкт-Петербург,,3200,4200,USD,https://pushkino.hh.ru/vacancy/46496928,https://hh.ru
Team Lead Python Engineer,ScrumLaunch,Харьков,,2500,4000,USD,https://pushkino.hh.ru/vacancy/46674352,https://hh.ru
Программист (Python),Инфотекс Интернет Траст,Москва,,,,,https://pushkino.hh.ru/vacancy/46694196,https://hh.ru
Backend-разработчик (Python),ГК TFN,Москва,Говорово ,150000,,,https://pushkino.hh.ru/vacancy/46715445,https://hh.ru
Python developer (FoodTech),ООО ROST GROUP,Киев,,,,,https://pushkino.hh.ru/vacancy/46674048,https://hh.ru
Программист (Python),Инфотекс Интернет Траст,Санкт-Петербург,,,,,https://pushkino.hh.ru/vacancy/46694197,https://hh.ru
Программист Python,Digift,Санкт-Петербург,Старая Деревня,150000,,,https://pushkino.hh.ru/vacancy/46547538,https://hh.ru
Web-разработчик (Python),Актив,Москва,,,,,https://pushkino.hh.ru/vacancy/42695058,https://hh.ru
Python Developer,Playgendary,Екатеринбург,,,,,https://pushkino.hh.ru/vacancy/46702315,https://hh.ru
Инженер-разработчик Python,S8 Capital,Москва,,,,,https://pushkino.hh.ru/vacancy/46367489,https://hh.ru
Python Web Developer at Tripledot Studios,ООО Он Зэ Спот Девелопмент,Минск,,,,,https://pushkino.hh.ru/vacancy/44994494,https://hh.ru
ETL Developer AirFlow + Python,DBI,Ростов-на-Дону,,,,,https://pushkino.hh.ru/vacancy/45121184,https://hh.ru
Python разработчик (middle/senior),ООО НТехЛаб,Москва,Белорусская,,,,https://pushkino.hh.ru/vacancy/43961654,https://hh.ru
QA Automation Python,ООО СофтКорп,Гомель,,1500,2800,USD,https://pushkino.hh.ru/vacancy/46661619,https://hh.ru
Middle Backend Developer (Python),AppQuantum,Москва,Автозаводская,,,,https://pushkino.hh.ru/vacancy/46178058,https://hh.ru
Python developer,Rutube,Москва,Проспект Мира,,,,https://pushkino.hh.ru/vacancy/37583293,https://hh.ru
Python Backend Developer,Hunt For You,Москва,,,,,https://pushkino.hh.ru/vacancy/46318389,https://hh.ru
"Middle, Senior Python Developer",ООО FITTIN,Воронеж,,80000,120000,руб.,https://pushkino.hh.ru/vacancy/46650664,https://hh.ru
Ведущий Python разработчик / Senior Python Developer,ООО АвтоЭксперт,Санкт-Петербург,Балтийская,180000,200000,руб.,https://pushkino.hh.ru/vacancy/46209135,https://hh.ru
Python разработчик / Backend / Middle,ООО ЭсАйТи ЭдТех,Москва,,120000,160000,руб.,https://pushkino.hh.ru/vacancy/46266410,https://hh.ru
Python-разработчик в Процессы бэк-офиса,Яндекс,Москва,,,,,https://pushkino.hh.ru/vacancy/45984455,https://hh.ru
Python разработчик Senior,ООО Строительный Двор,Москва,Выставочная,220000,270000,руб.,https://pushkino.hh.ru/vacancy/41541061,https://hh.ru
Python developer,MOS.RU,Санкт-Петербург,,,,,https://pushkino.hh.ru/vacancy/46523942,https://hh.ru
Middle Python/Django Developer/Python Developer (Backend),Атом Безопасность,Новосибирск,,100000,140000,руб.,https://pushkino.hh.ru/vacancy/46325809,https://hh.ru
Middle Backend Developer (Python),AppQuantum,Москва,Автозаводская,,,,https://pushkino.hh.ru/vacancy/46178058,https://hh.ru
Python Developer,ЕВРАЗ. ИТ-специалисты,Ростов-на-Дону,,,,,https://pushkino.hh.ru/vacancy/45867089,https://hh.ru
Программист Python (Middle + ),it-aces.com,Переславль-Залесский,,,,,https://pushkino.hh.ru/vacancy/46530107,https://hh.ru
Middle Python разработчик,NAUMEN,Екатеринбург,,,,,https://pushkino.hh.ru/vacancy/45851506,https://hh.ru
Разработчик ИСУ (SQL/Python),Сбер для экспертов,Омск,,,,,https://pushkino.hh.ru/vacancy/45475488,https://hh.ru
Программист Python,ООО Интернет-компания Парус,Воткинск,,40000,60000,руб.,https://pushkino.hh.ru/vacancy/46544494,https://hh.ru
Middle Python разработчик,NAUMEN,Санкт-Петербург,Лиговский проспект,,,,https://pushkino.hh.ru/vacancy/45851663,https://hh.ru
Junior Python Developer,ООО АСГ Компьютерное Зрение,Нижний Новгород,,70000,100000,руб.,https://pushkino.hh.ru/vacancy/46460353,https://hh.ru
Team Lead Python,Лента,Москва,,,,,https://pushkino.hh.ru/vacancy/46281602,https://hh.ru
Python разработчик (remote),ООО Accenture,Ростов-на-Дону,,,,,https://pushkino.hh.ru/vacancy/46261537,https://hh.ru
Senior Python разработчик,Positive Technologies,Самара,,,,,https://pushkino.hh.ru/vacancy/46569162,https://hh.ru
Senior Python Engineer,Epam Systems Ukraine,Харьков,,,,,https://pushkino.hh.ru/vacancy/46154570,https://hh.ru
Middle Python Developer,ScrumLaunch,Харьков,,,,,https://pushkino.hh.ru/vacancy/44947255,https://hh.ru
Middle / Senior Python Engineer (NLP),Метинвест Диджитал,Мариуполь,,,,,https://pushkino.hh.ru/vacancy/46057535,https://hh.ru
Senior Python Developer (Online Education Solutions),DataArt,Одесса,,,,,https://pushkino.hh.ru/vacancy/46539871,https://hh.ru
Data Engineer (Python),Тинькофф,Екатеринбург,,,,,https://pushkino.hh.ru/vacancy/46462276,https://hh.ru
Senior Python-разработчик,IBIT,Новосибирск,,,,,https://pushkino.hh.ru/vacancy/46245821,https://hh.ru
Инженер-программист Python,ПАО Магнитогорский металлургический комбинат,Екатеринбург,,,,,https://pushkino.hh.ru/vacancy/45398262,https://hh.ru
Python разработчик на Computer Vision проект (стажер),DONTECO,Ростов-на-Дону,,40000,50000,руб.,https://pushkino.hh.ru/vacancy/46602889,https://hh.ru
Python developer,ООО АйТи Мегастар,Барнаул,,80000,130000,руб.,https://pushkino.hh.ru/vacancy/45728419,https://hh.ru
Backend разработчик (Python),INFOWATCH,Москва,,,,,https://pushkino.hh.ru/vacancy/45816887,https://hh.ru
Программист Python,Красное & Белое,Москва,,,,,https://pushkino.hh.ru/vacancy/40658063,https://hh.ru
Разработчик на С++/Python в Яндекс.Маршрутизацию,Яндекс,Москва,Павелецкая,,,,https://pushkino.hh.ru/vacancy/45907156,https://hh.ru
Python-разработчик в Яндекс.Практикум,Яндекс,Москва,,,,,https://pushkino.hh.ru/vacancy/45985255,https://hh.ru
Teamlead of python developers (telecom),Wanted,Москва,,,300000,руб.,https://pushkino.hh.ru/vacancy/46625950,https://hh.ru
Python разработчик,Сбер для экспертов,Екатеринбург,,,,,https://pushkino.hh.ru/vacancy/46686097,https://hh.ru
Senior Python Developer,VK Pay,Москва,,,,,https://pushkino.hh.ru/vacancy/44878097,https://hh.ru
Senior Software Engineer (Python),Дартс рекрутинг сервисез,Санкт-Петербург,,6500,,,https://pushkino.hh.ru/vacancy/46004944,https://hh.ru
Ментор по Python,ООО Оверван,Минск,Академия наук,,,,https://pushkino.hh.ru/vacancy/46636087,https://hh.ru
Backend-разработчик Python,Admitad,Москва,,,200000,руб.,https://pushkino.hh.ru/vacancy/43343275,https://hh.ru
Python Backend Developer,ООО Napoleon IT,Красноярск,,,,,https://pushkino.hh.ru/vacancy/46224936,https://hh.ru
Middle/Senior Python Developer,Scalable Solutions,Санкт-Петербург,,130000,220000,руб.,https://pushkino.hh.ru/vacancy/43856438,https://hh.ru
Backend Python Developer продукт Video Analytics (MTS AI),ПАО «МТС»,Москва,Технопарк,,,,https://pushkino.hh.ru/vacancy/45971020,https://hh.ru
Разработчик (Python),"ГДЕЭТОТДОМ.РУ,ООО",Москва,,70000,100000,руб.,https://pushkino.hh.ru/vacancy/46638316,https://hh.ru
Python разработчик,ПИК-БРОКЕР,Москва,Деловой центр,,,,https://pushkino.hh.ru/vacancy/45471612,https://hh.ru
Python senior developer / Старший Python-Разработчик,BestDoctor,Москва,,250000,,,https://pushkino.hh.ru/vacancy/45785423,https://hh.ru
Senior Python Developer,FIRECODE,Ростов-на-Дону,,160000,,,https://pushkino.hh.ru/vacancy/43968966,https://hh.ru
Java/Python/Scala-разработчик в Big Data,EPAM Systems,Тольятти,,,,,https://pushkino.hh.ru/vacancy/44352347,https://hh.ru
Инженер-программист Python,Центр финансовых технологий,Новосибирск,Октябрьская,,,,https://pushkino.hh.ru/vacancy/41959154,https://hh.ru
Python Developer,Страна Девелопмент,Тюмень,,75000,,,https://pushkino.hh.ru/vacancy/42141155,https://hh.ru
Программист Python,ООО Регистратор доменных имен РЕГ.РУ,Нижний Новгород,,,,,https://pushkino.hh.ru/vacancy/42007512,https://hh.ru
Python Developer (Technical Support),RocketData,Минск,Восток,500,600,USD,https://pushkino.hh.ru/vacancy/44367322,https://hh.ru
Разработчик Python,ПАО БАНК УРАЛСИБ,Москва,Фрунзенская,,,,https://pushkino.hh.ru/vacancy/46512716,https://hh.ru
Middle Python Developer for CloudLinux OS,Cloud Linux,Киев,,,,,https://pushkino.hh.ru/vacancy/46074857,https://hh.ru
Middle Python/Django Developer (в г. Новосибирск),ООО СМ,Томск,,,,,https://pushkino.hh.ru/vacancy/43483024,https://hh.ru
Python developer,Innowise Group / Фабрика инноваций и решений,Могилев,,,,,https://pushkino.hh.ru/vacancy/45261912,https://hh.ru
Python developer,MOS.RU,Санкт-Петербург,,,,,https://pushkino.hh.ru/vacancy/46523942,https://hh.ru
Аналитик Python (middle/senior),ООО Диплей,Новосибирск,,,,,https://pushkino.hh.ru/vacancy/46520867,https://hh.ru
Team Lead Python,Лента,Москва,,,,,https://pushkino.hh.ru/vacancy/46281602,https://hh.ru
Программист Python,АО РТИ,Москва,,,,,https://pushkino.hh.ru/vacancy/43156201,https://hh.ru
Middle / Senior Python Developer for AlmaLinux,Cloud Linux,Донецк (Украина),,,,,https://pushkino.hh.ru/vacancy/46342928,https://hh.ru
DevOps Engineer (Python),Qulix Systems,Минск,Спортивная,,,,https://pushkino.hh.ru/vacancy/46524369,https://hh.ru
Senior Python Back-end Developer (Remote),AppFollow,Санкт-Петербург,,,3500,EUR,https://pushkino.hh.ru/vacancy/46670558,https://hh.ru
Middle / Senior Python Developer for AlmaLinux,Cloud Linux,Киев,,,,,https://pushkino.hh.ru/vacancy/46342528,https://hh.ru
Middle / Senior Python Engineer (NLP),Метинвест Диджитал,Киев,,,,,https://pushkino.hh.ru/vacancy/46057534,https://hh.ru
Junior Python Developer,ООО АСГ Компьютерное Зрение,Нижний Новгород,,70000,100000,руб.,https://pushkino.hh.ru/vacancy/46460353,https://hh.ru
Разработчик Python,Intelligent Ideas,Москва,Баррикадная,100000,,,https://pushkino.hh.ru/vacancy/46480196,https://hh.ru
Программист Python (middle),Варяг,Челябинск,,,,,https://pushkino.hh.ru/vacancy/45568440,https://hh.ru
Middle Python Developer (ДомКлик),Сбер для экспертов,Москва,,,,,https://pushkino.hh.ru/vacancy/46355308,https://hh.ru
Инженер-программист Python,Центр финансовых технологий,Томск,,,,,https://pushkino.hh.ru/vacancy/45548066,https://hh.ru
Бэкенд-разработчик (Python) / Middle Python / Python Developer (Remote),ЮТэйр,Санкт-Петербург,,150000,220000,руб.,https://pushkino.hh.ru/vacancy/46596485,https://hh.ru
Python Backend Developer,ООО Napoleon IT,Новосибирск,,,,,https://pushkino.hh.ru/vacancy/46224935,https://hh.ru
Senior Python Developer,Incrdbl Mobile Entertainment,Нижний Новгород,,,,,https://pushkino.hh.ru/vacancy/44220581,https://hh.ru
Python Backend Engineer,Adjust Inc,Санкт-Петербург,,,,,https://pushkino.hh.ru/vacancy/46040414,https://hh.ru
QA Automation Engineer (Python),Энерджи Софт,Санкт-Петербург,,110000,180000,руб.,https://pushkino.hh.ru/vacancy/45062852,https://hh.ru
Middle Python developer,ООО ЛИГРЕС,Санкт-Петербург,,,,,https://pushkino.hh.ru/vacancy/45740104,https://hh.ru
Разработчик Python,Электронная торговая площадка Газпромбанка,Москва,,,,,https://pushkino.hh.ru/vacancy/43766519,https://hh.ru
Senior Python Developer (Vehicle Builder),Arrival. Technology,Санкт-Петербург,,,,,https://pushkino.hh.ru/vacancy/40584488,https://hh.ru
Python-разработчик во Flow,Яндекс,Санкт-Петербург,,,,,https://pushkino.hh.ru/vacancy/45987512,https://hh.ru
Python Developer,ООО Цифровое проектирование,Санкт-Петербург,,,,,https://pushkino.hh.ru/vacancy/42516416,https://hh.ru
Backend разработчик Python (Django) (middle),ООО Максконсалт,Москва,,,,,https://pushkino.hh.ru/vacancy/46112626,https://hh.ru
Senior Python Developer,AMT Inc.,Санкт-Петербург,Василеостровская,170000,,,https://pushkino.hh.ru/vacancy/46573009,https://hh.ru
Python/Go developer,Lamoda,Москва,,,,,https://pushkino.hh.ru/vacancy/46595660,https://hh.ru
Python developer,РБК,Москва,,,,,https://pushkino.hh.ru/vacancy/46592744,https://hh.ru
Data Scientist/Python Developer (remote),Nitka Technologies,Ижевск,,,,,https://pushkino.hh.ru/vacancy/46595125,https://hh.ru
Старший программист Python,Softline,Москва,Ботанический сад,,,,https://pushkino.hh.ru/vacancy/46607056,https://hh.ru
Python Developer,DataArt,Казань,,,,,https://pushkino.hh.ru/vacancy/46646797,https://hh.ru
Data Engineer / Python Developer,Devim,Санкт-Петербург,Старая Деревня,,,,https://pushkino.hh.ru/vacancy/46598906,https://hh.ru
Backend developer (Python),The Head,Санкт-Петербург,,150000,300000,руб.,https://pushkino.hh.ru/vacancy/43674084,https://hh.ru
Python Developer (удаленно),Hunt For You,Москва,,,,,https://pushkino.hh.ru/vacancy/45707555,https://hh.ru
Разработчик Python,СИГМА,Санкт-Петербург,Елизаровская,,,,https://pushkino.hh.ru/vacancy/45143092,https://hh.ru
Разработчик на Python (Python developer) в сервисы для малого и среднего бизнеса,Яндекс,Москва,Павелецкая,,,,https://pushkino.hh.ru/vacancy/45906868,https://hh.ru
Backend разработчик (Python),ООО Скайлав Рус,Красноярск,,,,,https://pushkino.hh.ru/vacancy/42152515,https://hh.ru
Backend Python Developer (удалённо),IT_Selection,Москва,,300000,400000,руб.,https://pushkino.hh.ru/vacancy/46510274,https://hh.ru
Python Developer,Онлайн-школа Тетрика,Москва,Курская,,,,https://pushkino.hh.ru/vacancy/42358806,https://hh.ru
Automation engineer (Python),ON Semiconductor,Санкт-Петербург,,,,,https://pushkino.hh.ru/vacancy/46565978,https://hh.ru
Инженер - программист 2 категории PYTHON (MIDDLE PYTHON),АО Моринформсистема-Агат,Москва,,100000,,,https://pushkino.hh.ru/vacancy/44317825,https://hh.ru
Разработчик в тестировании/SDET (Python),"СимбирСофт,ООО",Самара,,,,,https://pushkino.hh.ru/vacancy/46237926,https://hh.ru
Team Lead Python,Лента,Санкт-Петербург,,,,,https://pushkino.hh.ru/vacancy/46281605,https://hh.ru
Программист Python,ООО БК Олимп,Москва,Волгоградский проспект,160000,,,https://pushkino.hh.ru/vacancy/45207528,https://hh.ru
Python разработчик middle\senior,Уральский центр систем безопасности,Екатеринбург,Чкаловская,,,,https://pushkino.hh.ru/vacancy/46579646,https://hh.ru
Python developer,ООО АйТи Мегастар,Кемерово,,80000,130000,руб.,https://pushkino.hh.ru/vacancy/45728421,https://hh.ru
Middle Python разработчик,NAUMEN,Москва,Крестьянская застава,,,,https://pushkino.hh.ru/vacancy/45851567,https://hh.ru
Sr. Python backend developer,Приложение «Кошелёк»,Санкт-Петербург,,,,,https://pushkino.hh.ru/vacancy/45929244,https://hh.ru
Senior Python Engineer,Haiku Dev,Санкт-Петербург,,,,,https://pushkino.hh.ru/vacancy/45725868,https://hh.ru
Middle Python Developer,АО НТЦ Атлас,Москва,Марьина Роща,100000,160000,руб.,https://pushkino.hh.ru/vacancy/46571498,https://hh.ru
Системный разработчик Python,ООО Айдеко,Екатеринбург,,120000,,,https://pushkino.hh.ru/vacancy/38348123,https://hh.ru
Python Разработчик,Ростелеком-Солар,Москва,Охотный ряд,,,,https://pushkino.hh.ru/vacancy/46014725,https://hh.ru
Программист Python,Фирма ВОДОКОМФОРТ,Москва,Павелецкая,120000,,,https://pushkino.hh.ru/vacancy/42923969,https://hh.ru
Strong middle Python Developer / Data Engineer (PySpark),NIX,Харьков,,,,,https://pushkino.hh.ru/vacancy/45270774,https://hh.ru
Python Developer,IT_Selection,Москва,,3500,4000,USD,https://pushkino.hh.ru/vacancy/46401640,https://hh.ru
Python Developer (Backend),ТОО TargetAI Limited,Нур-Султан,,,,,https://pushkino.hh.ru/vacancy/46501234,https://hh.ru
Python программист,ООО Авантренд,Екатеринбург,Геологическая,,,,https://pushkino.hh.ru/vacancy/46485113,https://hh.ru
Программист Python (Middle + ),it-aces.com,Переславль-Залесский,,,,,https://pushkino.hh.ru/vacancy/46530107,https://hh.ru
"Senior Python Engineer (Big Data) for Data Platform Team (Ведущий Python инженер, удаленно)",Parimatch Tech,Москва,,,,,https://pushkino.hh.ru/vacancy/46242391,https://hh.ru
Программист Python,Тензор,Уфа,,115000,220000,руб.,https://pushkino.hh.ru/vacancy/46417309,https://hh.ru
Full-Stack Python Developer,Mentalstack,Ростов-на-Дону,,,,,https://pushkino.hh.ru/vacancy/46633096,https://hh.ru
Middle/Senior Python Developer,Belitsoft,Минск,,,,,https://pushkino.hh.ru/vacancy/45160142,https://hh.ru
Fullstack-разработчик (Python/JavaScript),МАГНИТ,Нижний Новгород,,,,,https://pushkino.hh.ru/vacancy/46608918,https://hh.ru
Middle / Senior Python Engineer (NLP),Метинвест Диджитал,Одесса,,,,,https://pushkino.hh.ru/vacancy/46057538,https://hh.ru
"Senior Python Engineer (Big Data) for Data Platform Team (Ведущий Python инженер, удаленно)",Parimatch Tech,Санкт-Петербург,,,,,https://pushkino.hh.ru/vacancy/46242392,https://hh.ru
Middle Python developer,Укрэнерго,Киев,,,,,https://pushkino.hh.ru/vacancy/46436667,https://hh.ru
Senior Python разработчик,Positive Technologies,Самара,,,,,https://pushkino.hh.ru/vacancy/46569162,https://hh.ru
Junior Python разработчик,Sibdev,Красноярск,,32000,,,https://pushkino.hh.ru/vacancy/46407611,https://hh.ru
Senior Python разработчик,Positive Technologies,Нижний Новгород,,,,,https://pushkino.hh.ru/vacancy/46569160,https://hh.ru
Senior Python Engineer,Epam Systems Ukraine,Харьков,,,,,https://pushkino.hh.ru/vacancy/46154570,https://hh.ru
Middle/Senior Python Developer for AlmaLinux,Cloud Linux,Днепр (Днепропетровск),,,,,https://pushkino.hh.ru/vacancy/46344416,https://hh.ru
Senior Python разработчик,Positive Technologies,Новосибирск,,,,,https://pushkino.hh.ru/vacancy/46569161,https://hh.ru
"Senior Python Developer (Кипр, удаленно)",Кадровое агентство Алексея Сухорукова,Новосибирск,,,,,https://pushkino.hh.ru/vacancy/46602242,https://hh.ru
Automation QA (Python),МойОфис,Москва,Пушкинская,,,,https://pushkino.hh.ru/vacancy/29323728,https://hh.ru
"Ведущий программист/Python-разработчик (pre-middle, middle)",ИП Гришаева Людмила Андреевна,Казань,,80000,125000,руб.,https://pushkino.hh.ru/vacancy/46532015,https://hh.ru
Программист Python,Центр Пропуск,Москва,,120000,150000,руб.,https://pushkino.hh.ru/vacancy/45986553,https://hh.ru
Python Data Scientist,Andersen,Минск,Немига,,,,https://pushkino.hh.ru/vacancy/46507909,https://hh.ru
Python-разработчик (Карты),Mail.ru Group,Москва,,,,,https://pushkino.hh.ru/vacancy/44221115,https://hh.ru
Python разработчик в команду Облака,КРОК,Москва,,,,,https://pushkino.hh.ru/vacancy/45832711,https://hh.ru
Python Developer (Middle+/Senior),Flatstack,Казань,Площадь Тукая,,,,https://pushkino.hh.ru/vacancy/46573062,https://hh.ru
Разработчик Python/SQL,Издательство РИПОЛ классик,Москва,,100000,,,https://pushkino.hh.ru/vacancy/46528871,https://hh.ru
Middle Python Developer for CloudLinux OS,Cloud Linux,Львов,,,,,https://pushkino.hh.ru/vacancy/46052544,https://hh.ru
Python Test Developer,Electrolux,Санкт-Петербург,Чёрная речка,,,,https://pushkino.hh.ru/vacancy/45963962,https://hh.ru
Senior developer Python (работа с данными),ООО Регистратор доменных имен РЕГ.РУ,Самара,,,,,https://pushkino.hh.ru/vacancy/38767775,https://hh.ru
Python-разработчик (Middle),Латера,Санкт-Петербург,,,220000,руб.,https://pushkino.hh.ru/vacancy/46519398,https://hh.ru
Python - разработчик(на проект ЛитРес:Платформа),ЛитРес,Москва,Выставочная,,,,https://pushkino.hh.ru/vacancy/42585015,https://hh.ru
Senior Python developer,Kelly Services,Москва,Маяковская,,400000,руб.,https://pushkino.hh.ru/vacancy/46682007,https://hh.ru
Team Lead Python,Лига Цифровой Экономики,Санкт-Петербург,Выборгская,,,,https://pushkino.hh.ru/vacancy/46573707,https://hh.ru
Python разработчик (middle),MyTona,Санкт-Петербург,,,,,https://pushkino.hh.ru/vacancy/45528071,https://hh.ru
Python Developer,Andersen,Ростов-на-Дону,,,,,https://pushkino.hh.ru/vacancy/46508438,https://hh.ru
Backend developer Python,ООО ИБС ДатаФорт,Москва,,,,,https://pushkino.hh.ru/vacancy/46566521,https://hh.ru
Разработчик Python backend,Офисный Мир КМ,Ростов-на-Дону,,,,,https://pushkino.hh.ru/vacancy/45387021,https://hh.ru
Python developer,ООО START.RU,Москва,Киевская,,,,https://pushkino.hh.ru/vacancy/46409090,https://hh.ru
Senior Python Developer for Imunify [Remote],Cloud Linux,Екатеринбург,,,,,https://pushkino.hh.ru/vacancy/45752098,https://hh.ru
Python Developer,СберМаркет,Москва,Кропоткинская,,,,https://pushkino.hh.ru/vacancy/45593734,https://hh.ru
Программист на Python,Административный Ресурс,Минск,,960,1350,бел.,https://pushkino.hh.ru/vacancy/46440583,https://hh.ru
Middle Python developer,АО РТСофт,Иваново (Ивановская область),,,,,https://pushkino.hh.ru/vacancy/45645311,https://hh.ru
Разработчик Python,ООО Ростелеком Информационные Технологии,Краснодар,,,,,https://pushkino.hh.ru/vacancy/45607335,https://hh.ru
Разработчик Python (ML),Diasoft,Москва,,,,,https://pushkino.hh.ru/vacancy/46372826,https://hh.ru
Senior Python Developer,Innowise Group / Фабрика инноваций и решений,Минск,,,,,https://pushkino.hh.ru/vacancy/45734627,https://hh.ru
Senior Python Developer for Imunify [Remote],Cloud Linux,Санкт-Петербург,,,,,https://pushkino.hh.ru/vacancy/44259150,https://hh.ru
Senior Python-разработчик,IBIT,Владивосток,,,,,https://pushkino.hh.ru/vacancy/46245824,https://hh.ru
Python разработчик,Ай-Теко (I-Teco),Москва,,,,,https://pushkino.hh.ru/vacancy/45775944,https://hh.ru
Python разработчик,Сбер для экспертов,Екатеринбург,,,,,https://pushkino.hh.ru/vacancy/46470668,https://hh.ru
Программист Python,ООО Диплей,Омск,,,,,https://pushkino.hh.ru/vacancy/46335832,https://hh.ru
Junior/Middle Python developer,ООО Эй Джи Софтваре,Минск,,,,,https://pushkino.hh.ru/vacancy/46317369,https://hh.ru
Senior Python-разработчик,IBIT,Томск,,,,,https://pushkino.hh.ru/vacancy/46245822,https://hh.ru
Middle Python developer,АО РТСофт,Чебоксары,,,,,https://pushkino.hh.ru/vacancy/43809503,https://hh.ru
Middle Python developer,АО РТСофт,Екатеринбург,,,,,https://pushkino.hh.ru/vacancy/43809461,https://hh.ru
QA Automation (Python),OCS Distribution,Санкт-Петербург,Лесная,,,,https://pushkino.hh.ru/vacancy/46452488,https://hh.ru
Middle/Senior Python Developer for AlmaLinux,Cloud Linux,Минск,,,,,https://pushkino.hh.ru/vacancy/46342298,https://hh.ru
Python Developer,ПЕРВЫЙ ЦУПИС,Санкт-Петербург,,,,,https://pushkino.hh.ru/vacancy/46377323,https://hh.ru
Senior Backend Python/Django разработчик (удалённо),Школа программирования Kodland,Москва,,200000,,,https://pushkino.hh.ru/vacancy/44324012,https://hh.ru
Python backend разработчик,ООО Специальный Технологический Центр,Санкт-Петербург,Площадь Мужества,,,,https://pushkino.hh.ru/vacancy/45010269,https://hh.ru
Аналитик Python (middle/senior),ООО Диплей,Новосибирск,,,,,https://pushkino.hh.ru/vacancy/46520867,https://hh.ru
Разработчик Python,Intelligent Ideas,Москва,Баррикадная,100000,,,https://pushkino.hh.ru/vacancy/46480196,https://hh.ru
Python Developer (Backend),ТОО TargetAI Limited,Нур-Султан,,,,,https://pushkino.hh.ru/vacancy/46501234,https://hh.ru
Senior Python разработчик (PT Multiscanner),Positive Technologies,Нижний Новгород,,,,,https://pushkino.hh.ru/vacancy/46571109,https://hh.ru
Python Developer (Backend),EPAM Systems,Москва,,,,,https://pushkino.hh.ru/vacancy/40289680,https://hh.ru
Junior Python Developer,ООО АСГ Компьютерное Зрение,Нижний Новгород,,70000,100000,руб.,https://pushkino.hh.ru/vacancy/46460353,https://hh.ru
Python Team Lead,WILDBERRIES,Нижний Новгород,,,,,https://pushkino.hh.ru/vacancy/45843801,https://hh.ru
Middle developer C/Python on Linux _ KernelCare. [Remote],Cloud Linux,Львов,,,,,https://pushkino.hh.ru/vacancy/46252881,https://hh.ru
Программист Python,ООО Регистратор доменных имен РЕГ.РУ,Нижний Новгород,,,,,https://pushkino.hh.ru/vacancy/42007512,https://hh.ru
Middle/Senior Python разработчик,QIWI,Москва,Чертановская,,,,https://pushkino.hh.ru/vacancy/44779981,https://hh.ru
"Team Lead в Tripster (Python, Django, Celery, Redis, Elasticsearch)",Tripster,Москва,Добрынинская,,,,https://pushkino.hh.ru/vacancy/46551512,https://hh.ru
Senior Python разработчик,Positive Technologies,Новосибирск,,,,,https://pushkino.hh.ru/vacancy/46569161,https://hh.ru
Fullstack (Python/PHP+JS),РАУ АйТи,Санкт-Петербург,Петроградская,80000,120000,руб.,https://pushkino.hh.ru/vacancy/45975437,https://hh.ru
Разработчик Python/Django Middle,ООО ДЖАСТ ВОРК,Воронеж,,90000,150000,руб.,https://pushkino.hh.ru/vacancy/46489896,https://hh.ru
Разработчик backend Python Кловер групп,ООО Кловер Групп,Казань,Площадь Тукая,,,,https://pushkino.hh.ru/vacancy/45346070,https://hh.ru
Python Developer,Lamoda,Москва,,,,,https://pushkino.hh.ru/vacancy/45743039,https://hh.ru
Python-разработчик,Сбер. IT,Москва,Кутузовская,,,,https://pushkino.hh.ru/vacancy/46510732,https://hh.ru
Программист Python,ООО РусБИТех-Астра,Москва,Верхние Котлы,,,,https://pushkino.hh.ru/vacancy/45777723,https://hh.ru
Senior Python разработчик,Positive Technologies,Санкт-Петербург,,,,,https://pushkino.hh.ru/vacancy/46569164,https://hh.ru
Python Backend Engineer (remote),AppFollow,Москва,,,3500,EUR,https://pushkino.hh.ru/vacancy/46491940,https://hh.ru
Python Developer,DataArt,Москва,Маяковская,,,,https://pushkino.hh.ru/vacancy/46527177,https://hh.ru
Back-end разработчик (Python),ЕВРАЗ. ИТ-специалисты,Новокузнецк,,,,,https://pushkino.hh.ru/vacancy/45095987,https://hh.ru
Middle/Senior Python backend developer,ТОО УМНЫЕ ГОРОДА,Нур-Султан,,,,,https://pushkino.hh.ru/vacancy/44182528,https://hh.ru
Программист Python / Go,Selecty,Москва,,,,,https://pushkino.hh.ru/vacancy/46521777,https://hh.ru
Junior Python Developer,Admitad,Москва,,100000,,,https://pushkino.hh.ru/vacancy/46420684,https://hh.ru
Python Backend Engineer (remote),AppFollow,Санкт-Петербург,,,3500,EUR,https://pushkino.hh.ru/vacancy/46491941,https://hh.ru
Middle/Senior Python-разработчик в SberDevices (команда Video Shopping),Сбер. IT,Санкт-Петербург,,,,,https://pushkino.hh.ru/vacancy/42389533,https://hh.ru
Middle/Senior Python Developer for AlmaLinux [Remote],Cloud Linux,Харьков,,,,,https://pushkino.hh.ru/vacancy/46597089,https://hh.ru
Python программист,ООО Авантренд,Екатеринбург,Геологическая,,,,https://pushkino.hh.ru/vacancy/46485113,https://hh.ru
"Программист-разработчик (python, vue)",Stroyportal.ru - интернет-площадка,Волгоград,,,,,https://pushkino.hh.ru/vacancy/46306212,https://hh.ru
Python developer (Kaspersky Anti Targeted Attack),Лаборатория Касперского,Москва,Водный стадион,,,,https://pushkino.hh.ru/vacancy/42522896,https://hh.ru
Senior Python Developer (Financial Software Solutions),DataArt,Киев,,,,,https://pushkino.hh.ru/vacancy/46519188,https://hh.ru
Python разработчик (remote),ООО Accenture,Ростов-на-Дону,,,,,https://pushkino.hh.ru/vacancy/46261537,https://hh.ru
Стажер-программист Python,ООО ЦАР ОТРАДА,Курск,,15000,,,https://pushkino.hh.ru/vacancy/46412210,https://hh.ru
Strong middle Python Developer / Data Engineer (PySpark),NIX,Харьков,,,,,https://pushkino.hh.ru/vacancy/45270774,https://hh.ru
Middle Python Developer for CloudLinux OS (Remote),Cloud Linux,Ярославль,,,,,https://pushkino.hh.ru/vacancy/46052468,https://hh.ru
Big Data Developer with Python / Spark / AWS,Grid Dynamics,Санкт-Петербург,,,,,https://pushkino.hh.ru/vacancy/40577198,https://hh.ru
Middle Python разработчик в SberDevices (инфраструктура поиска),Сбер. IT,Москва,Кутузовская,,,,https://pushkino.hh.ru/vacancy/44205521,https://hh.ru
Python-разработчик,Дата Матрикс,Москва,,,,,https://pushkino.hh.ru/vacancy/45965801,https://hh.ru
Middle / Senior Python Engineer (NLP),Метинвест Диджитал,Днепр (Днепропетровск),,,,,https://pushkino.hh.ru/vacancy/46057536,https://hh.ru
Ведущий разработчик C/Python,ООО Ростелеком Информационные Технологии,Москва,Проспект Вернадского,,,,https://pushkino.hh.ru/vacancy/41784017,https://hh.ru
Senior Python Developer for Imunify,Cloud Linux,Киев,,,,,https://pushkino.hh.ru/vacancy/45751975,https://hh.ru
Senior Python Developer for Imunify,Cloud Linux,Киев,,,,,https://pushkino.hh.ru/vacancy/45957759,https://hh.ru
Программист Python со знанием Django,ООО Онлайн Лаб,Тамбов,,80000,150000,руб.,https://pushkino.hh.ru/vacancy/46460438,https://hh.ru
Ведущий программист Python,Тензор,Уфа,,220000,,,https://pushkino.hh.ru/vacancy/46417256,https://hh.ru
Ведущий Python-разработчик,ИП Шпак Виктория Сергеевна,Москва,,200000,270000,руб.,https://pushkino.hh.ru/vacancy/46390522,https://hh.ru
Python/Fullstack developer,Циан,Москва,,,,,https://pushkino.hh.ru/vacancy/44831632,https://hh.ru
Junior Python developer,Shelfmatch Robotics,Санкт-Петербург,Электросила,40000,80000,руб.,https://pushkino.hh.ru/vacancy/46368329,https://hh.ru
Python Developer (QA Automation),АО Citibank,Москва,,,,,https://pushkino.hh.ru/vacancy/46570206,https://hh.ru
Senior Python разработчик в SberDevices (инфраструктура поиска),Сбер. IT,Москва,,,,,https://pushkino.hh.ru/vacancy/44205479,https://hh.ru
Python/Go developer,Lamoda,Москва,,,,,https://pushkino.hh.ru/vacancy/46445708,https://hh.ru
"Разработчик PowerBI, SQL, Python",BR Systems,Ростов-на-Дону,,,,,https://pushkino.hh.ru/vacancy/46429405,https://hh.ru
Middle Python Developer for CloudLinux OS,Cloud Linux,Минск,,,,,https://pushkino.hh.ru/vacancy/46052426,https://hh.ru
Middle Python Developer for CloudLinux OS [Remote],Cloud Linux,Алматы,,,,,https://pushkino.hh.ru/vacancy/46052445,https://hh.ru
Python Developer,IT_Selection,Москва,,3500,4000,USD,https://pushkino.hh.ru/vacancy/46401640,https://hh.ru
Middle/Senior Python Developer,Belitsoft,Минск,,,,,https://pushkino.hh.ru/vacancy/45160142,https://hh.ru
Python/Go разработчик в Биллинг,Яндекс,Москва,Парк культуры,,,,https://pushkino.hh.ru/vacancy/40777213,https://hh.ru
Middle developer C/Python on Linux - KernelCare [Remote],Cloud Linux,Санкт-Петербург,,,,,https://pushkino.hh.ru/vacancy/46252868,https://hh.ru
Python developer,SberTech,Москва,,,,,https://pushkino.hh.ru/vacancy/46411093,https://hh.ru
Разработчик на Python в Лавку,Яндекс,Москва,,,,,https://pushkino.hh.ru/vacancy/46440166,https://hh.ru
Middle/Senior Python разработчик в SberDevices,Сбер. IT,Москва,,,,,https://pushkino.hh.ru/vacancy/41137742,https://hh.ru
Senior Python Разработчик,Иностр. п. Admitad,Минск,,,,,https://pushkino.hh.ru/vacancy/46156486,https://hh.ru
Middle/Senior Python Developer for AlmaLinux [Remote],Cloud Linux,Нур-Султан,,,,,https://pushkino.hh.ru/vacancy/46597181,https://hh.ru
Разработчик-тестировщик Python / C++,ГК «ХайТэк»,Москва,Текстильщики,,,,https://pushkino.hh.ru/vacancy/46350377,https://hh.ru
Senior Python Developer for Imunify (Remote),Cloud Linux,Пермь,,,,,https://pushkino.hh.ru/vacancy/45957920,https://hh.ru
QA Automation (Python),OCS Distribution,Санкт-Петербург,Лесная,,,,https://pushkino.hh.ru/vacancy/46452488,https://hh.ru
Разработчик Python,ПАО БАНК УРАЛСИБ,Москва,Фрунзенская,,,,https://pushkino.hh.ru/vacancy/46487926,https://hh.ru
Разработчик Python(R&D),ООО РусБИТех-Астра,Москва,Верхние Котлы,,,,https://pushkino.hh.ru/vacancy/43558725,https://hh.ru
Middle Python developer,АО РТСофт,Иваново (Ивановская область),,,,,https://pushkino.hh.ru/vacancy/45645311,https://hh.ru
Python Developer,ЕВРАЗ. ИТ-специалисты,Москва,,,,,https://pushkino.hh.ru/vacancy/41794422,https://hh.ru
"Senior Python Engineer (Big Data) for Data Platform Team (Ведущий Python инженер, удаленно)",Parimatch Tech,Новосибирск,,,,,https://pushkino.hh.ru/vacancy/46242393,https://hh.ru
Middle++/Senior Python developer,БЕТА,Санкт-Петербург,,160000,,,https://pushkino.hh.ru/vacancy/46455110,https://hh.ru
Senior Python Developer,ГКУ «Центр цифровой трансформации РТ»,Казань,Суконная слобода,,,,https://pushkino.hh.ru/vacancy/46627420,https://hh.ru
Программист Python,Тензор,Новосибирск,Заельцовская,135000,225000,руб.,https://pushkino.hh.ru/vacancy/42571241,https://hh.ru
Python Auto Tester (Remote),Auriga,Москва,,,,,https://pushkino.hh.ru/vacancy/45799240,https://hh.ru
Middle/Senior Python Developer for AlmaLinux [Remote],Cloud Linux,Санкт-Петербург,,,,,https://pushkino.hh.ru/vacancy/46343764,https://hh.ru
Senior Python разработчик в SberDevices (команда Dialog Policy),Сбер. IT,Москва,Кутузовская,,,,https://pushkino.hh.ru/vacancy/45813235,https://hh.ru
Senior Python Developer for Imunify (Remote),Cloud Linux,Ярославль,,,,,https://pushkino.hh.ru/vacancy/45957900,https://hh.ru
Программист Python,АО Коммерческий банк «Хлынов»,Киров (Кировская область),,50000,,,https://pushkino.hh.ru/vacancy/45601028,https://hh.ru
Senior Python Developer (удаленный вид сотрудничества),ООО Он Зэ Спот Девелопмент,Санкт-Петербург,,,,,https://pushkino.hh.ru/vacancy/46358939,https://hh.ru
Middle / Senior Python developer,ЗАО Научсофт,Киев,,,,,https://pushkino.hh.ru/vacancy/46574871,https://hh.ru
Middle Python-разработчик,ООО Регистратор доменных имен РЕГ.РУ,Самара,,,,,https://pushkino.hh.ru/vacancy/41966210,https://hh.ru
Разработчик Python (CMDB),Т1 Интеграция,Москва,Крестьянская застава,,,,https://pushkino.hh.ru/vacancy/46512050,https://hh.ru
QA Automation Engineer Python( backend),KINDDA,Санкт-Петербург,,150000,250000,руб.,https://pushkino.hh.ru/vacancy/43835088,https://hh.ru
Middle Python developer,АО РТСофт,Чебоксары,,,,,https://pushkino.hh.ru/vacancy/43809503,https://hh.ru
Data engineer (Python Hadoop Spark),X5 RETAIL GROUP,Москва,,,,,https://pushkino.hh.ru/vacancy/46412182,https://hh.ru
Программист Python,ЭКСПРЕСС,Воронеж,,100000,150000,руб.,https://pushkino.hh.ru/vacancy/46332485,https://hh.ru
Middle Python developer,Укрэнерго,Киев,,,,,https://pushkino.hh.ru/vacancy/46436667,https://hh.ru
Middle/Senior Python-разработчик в SberDevices (направление SmartApp),Сбер. IT,Москва,,,,,https://pushkino.hh.ru/vacancy/41096400,https://hh.ru
Разработчик Python (ML),Diasoft,Москва,,,,,https://pushkino.hh.ru/vacancy/46372826,https://hh.ru
Бэкенд-разработчик (Python)/ Middle Python/ Python Developer (Remote),ЮТэйр,Белгород,,150000,220000,руб.,https://pushkino.hh.ru/vacancy/45654903,https://hh.ru
Python Senior Developer,ООО Страховая компания «Сбербанк страхование»,Москва,,,,,https://pushkino.hh.ru/vacancy/44811190,https://hh.ru
Python разработчик в SberDevices (направление Речевые Технологии),Сбер. IT,Москва,,,,,https://pushkino.hh.ru/vacancy/41136942,https://hh.ru
Разработчик Python,Mail.ru Group,Москва,Аэропорт,,,,https://pushkino.hh.ru/vacancy/46336912,https://hh.ru
"Python Developer в SberDevices (биометрия, CV)",Сбер. IT,Москва,Кутузовская,,,,https://pushkino.hh.ru/vacancy/43542665,https://hh.ru
Python Developer,СберМаркет,Москва,Кропоткинская,,,,https://pushkino.hh.ru/vacancy/45593734,https://hh.ru
Senior Python Developer / Python Team Lead,Эполь Софт,Брест,,,,,https://pushkino.hh.ru/vacancy/46489787,https://hh.ru
Python Developer,ООО Тагес Джамп,Уфа,,80000,,,https://pushkino.hh.ru/vacancy/42387542,https://hh.ru
Разработчик Python/Go в Яндекс.Биллинг,Яндекс,Москва,Парк культуры,,,,https://pushkino.hh.ru/vacancy/46392563,https://hh.ru
Python/Golang разработчик,ООО ИК СИБИНТЕК,Москва,Беговая,,,,https://pushkino.hh.ru/vacancy/46362087,https://hh.ru
Senior Python Developer for Imunify,Cloud Linux,Минск,,,,,https://pushkino.hh.ru/vacancy/45957816,https://hh.ru
Senior Python/Golang Engineer [Logistics team],Coins.ph,Москва,,,,,https://pushkino.hh.ru/vacancy/46585256,https://hh.ru
Python-разработчик (Middle),ООО Опендэв,Саратов,,,,,https://pushkino.hh.ru/vacancy/43794824,https://hh.ru
Middle / Senior Python - разработчик,Noveo,Новосибирск,,,,,https://pushkino.hh.ru/vacancy/44042346,https://hh.ru
Python Fullstack Developer,Playrix,Новосибирск,,,,,https://pushkino.hh.ru/vacancy/46353153,https://hh.ru
Python Engineer,Августинек Майя,Минск,,3500,6000,USD,https://pushkino.hh.ru/vacancy/46480444,https://hh.ru
Python Middle Developer,Itransition,Санкт-Петербург,,,,,https://pushkino.hh.ru/vacancy/42512305,https://hh.ru
Программист Python,Тензор,Ярославль,,105000,170000,руб.,https://pushkino.hh.ru/vacancy/45493023,https://hh.ru
Middle Python программист,Офисный Мир КМ,Ростов-на-Дону,,,160000,руб.,https://pushkino.hh.ru/vacancy/37942316,https://hh.ru
Senior Python Developer for Imunify [Remote],Cloud Linux,Алматы,,,,,https://pushkino.hh.ru/vacancy/45752111,https://hh.ru
Junior Python Developer,ООО Ябби,Ростов-на-Дону,,60000,120000,руб.,https://pushkino.hh.ru/vacancy/46256764,https://hh.ru
Data Engineer (Python),Тинькофф,Сочи,,,,,https://pushkino.hh.ru/vacancy/43662613,https://hh.ru
Middle/+ Python Developer,KODE,Калининград,,,,,https://pushkino.hh.ru/vacancy/44912401,https://hh.ru
Senior Python Developer for Imunify,Cloud Linux,Минск,,,,,https://pushkino.hh.ru/vacancy/44259173,https://hh.ru
Middle Python/Django Developer,ООО СМ,Новосибирск,Речной вокзал,,,,https://pushkino.hh.ru/vacancy/42866533,https://hh.ru
Python Developer,Toughbyte,Москва,,,,,https://pushkino.hh.ru/vacancy/46377759,https://hh.ru
QA Automation Engineer (Python),Почта Банк,Москва,,,,,https://pushkino.hh.ru/vacancy/44959425,https://hh.ru
Разработчик Python,GMCS,Пенза,,,,,https://pushkino.hh.ru/vacancy/46291505,https://hh.ru
Middle / Senior Automation QA engineer (Python),Dish Ukraine,Харьков,,,,,https://pushkino.hh.ru/vacancy/45830450,https://hh.ru
Python test automation engineer (Cloud Systems),Центр разработки Orion Innovation (ранее MERA),Казань,,,,,https://pushkino.hh.ru/vacancy/46666064,https://hh.ru
Backend Senior разработчик Python / ведущий разработчик,AstraLab,Воронеж,,150000,300000,руб.,https://pushkino.hh.ru/vacancy/46124734,https://hh.ru
Python Fullstack Разработчик,Wargaming St. Petersburg (Lesta Studio),Санкт-Петербург,Ладожская,,,,https://pushkino.hh.ru/vacancy/44681248,https://hh.ru
"Бэк-энд разработчик (Python, SQL)",ВАВТ МИНЭКОНОМРАЗВИТИЯ РОССИИ,Москва,,100000,160000,руб.,https://pushkino.hh.ru/vacancy/41095804,https://hh.ru
Senior Python-разработчик,NOVARDIS,Санкт-Петербург,,,,,https://pushkino.hh.ru/vacancy/46705535,https://hh.ru
Senior Python Engineer (Remote),Spark Equation,Санкт-Петербург,,200000,300000,руб.,https://pushkino.hh.ru/vacancy/45355018,https://hh.ru
Python Developer (Pulse) /remote,Semrush,Санкт-Петербург,Московские ворота,,,,https://pushkino.hh.ru/vacancy/46357350,https://hh.ru
Backend разработчик (Python),ООО Скайлав Рус,Москва,Выставочная,,,,https://pushkino.hh.ru/vacancy/43944761,https://hh.ru
Teamlead Backend (Python),ООО Фабрика Решений,Москва,,,300000,руб.,https://pushkino.hh.ru/vacancy/46682089,https://hh.ru
Middle developer C/Python on Linux - KernelCare [Remote],Cloud Linux,Москва,,,,,https://pushkino.hh.ru/vacancy/46252833,https://hh.ru
Middle/Senior/Lead Python Software Engineer,Godel Technologies Europe,Минск,,,,,https://pushkino.hh.ru/vacancy/42140942,https://hh.ru
QA Automation (Python),ООО Аренадата Софтвер,Москва,,,,,https://pushkino.hh.ru/vacancy/45905528,https://hh.ru
Python Developer (SPB/Remote),Grid Dynamics,Санкт-Петербург,Горьковская,,,,https://pushkino.hh.ru/vacancy/43536761,https://hh.ru
Python/Go Developer (Central Services),Wargaming,Москва,,,,,https://pushkino.hh.ru/vacancy/44686561,https://hh.ru
"Full-stack Разработчик React, Python",MINT NFT,Владивосток,,200000,500000,руб.,https://pushkino.hh.ru/vacancy/46458400,https://hh.ru
"Web-разработчик (React, Python)",BeeJee,Санкт-Петербург,,800,3000,USD,https://pushkino.hh.ru/vacancy/45795577,https://hh.ru
Middle Python Engineer (Remote),Spark Equation,Москва,,150000,210000,руб.,https://pushkino.hh.ru/vacancy/46305789,https://hh.ru
Python Backend Developer (Senior),OutStream,Санкт-Петербург,,260000,,,https://pushkino.hh.ru/vacancy/46690734,https://hh.ru
Senior Python Developer,Diamond Personnel R&C,Москва,,,,,https://pushkino.hh.ru/vacancy/46717056,https://hh.ru
Python Fullstack Developer,Playrix,Санкт-Петербург,,,,,https://pushkino.hh.ru/vacancy/46353246,https://hh.ru
Python Developer,AdQuantum,Москва,Автозаводская,150000,,,https://pushkino.hh.ru/vacancy/46280996,https://hh.ru
Python Developer,KPMG,Ростов-на-Дону,,,,,https://pushkino.hh.ru/vacancy/46303710,https://hh.ru
Программист Python,Тензор,Рыбинск,,115000,220000,руб.,https://pushkino.hh.ru/vacancy/41772323,https://hh.ru
Python developer in Autotest,Auriga,Нижний Новгород,,,,,https://pushkino.hh.ru/vacancy/45573605,https://hh.ru
Senior Python Developer,FIX,Москва,,,,,https://pushkino.hh.ru/vacancy/45622328,https://hh.ru
Python разработчик,Enjoypro,Санкт-Петербург,Московские ворота,,180000,руб.,https://pushkino.hh.ru/vacancy/46196498,https://hh.ru
Junior / Middle Python Developer,ООО ТаймВэб,Санкт-Петербург,,,,,https://pushkino.hh.ru/vacancy/46215117,https://hh.ru
Python developer (Middle),"СимбирСофт,ООО",Киров (Кировская область),,,,,https://pushkino.hh.ru/vacancy/46400196,https://hh.ru
Data engineer (Python),Зарплата.ру,Новосибирск,Площадь Ленина,,,,https://pushkino.hh.ru/vacancy/43102927,https://hh.ru
Python разработчик/backend разработчик,ООО Иволга Текнолоджиз,Ярославль,,90000,160000,руб.,https://pushkino.hh.ru/vacancy/46260986,https://hh.ru
BackEnd Python Developer Middle+,ООО Апподил,Киев,,,,,https://pushkino.hh.ru/vacancy/46405294,https://hh.ru
Senior Python разработчик,CSI (Кристалл Сервис Интеграция),Санкт-Петербург,,,,,https://pushkino.hh.ru/vacancy/44295136,https://hh.ru
Middle Python-разработчик,Сбер. IT,Москва,Верхние Котлы,,,,https://pushkino.hh.ru/vacancy/46298768,https://hh.ru
Разработчик Python,АО РТ Лабс,Москва,,,,,https://pushkino.hh.ru/vacancy/46292925,https://hh.ru
ML инженер/Machine Learning engineer (Python),МИА Россия сегодня,Москва,Парк культуры,,,,https://pushkino.hh.ru/vacancy/44872118,https://hh.ru
"Python-разработчик (Django, DRF)",strikt,Москва,,140000,160000,руб.,https://pushkino.hh.ru/vacancy/45797134,https://hh.ru
Senior Python developer,ООО Диджитал Горизонт,Москва,,300000,,,https://pushkino.hh.ru/vacancy/44167873,https://hh.ru
Python developer,IPONWEB Ltd (UK),Москва,Шаболовская,,,,https://pushkino.hh.ru/vacancy/46319217,https://hh.ru
Python Developer (Analytics),Azur Games,Москва,Баррикадная,,,,https://pushkino.hh.ru/vacancy/46239624,https://hh.ru
Fullstack Python Developer,Nitka Technologies,Санкт-Петербург,,,,,https://pushkino.hh.ru/vacancy/46235726,https://hh.ru
AutoQA Engineer (Python),ООО Акронис-Инфозащита,Москва,Алтуфьево,,,,https://pushkino.hh.ru/vacancy/46233021,https://hh.ru
Senior Python Developer,Сбер. IT,Москва,Верхние Котлы,,,,https://pushkino.hh.ru/vacancy/46298925,https://hh.ru
Python Developer,DigitalHR,Москва,,,,,https://pushkino.hh.ru/vacancy/46118842,https://hh.ru
Разработчик Python,ООО Комплексные Системы,Екатеринбург,,,,,https://pushkino.hh.ru/vacancy/46233241,https://hh.ru
"Middle/Senior Python разработчик (FastAPI, уудаленно)",Cellar door,Санкт-Петербург,,,250000,руб.,https://pushkino.hh.ru/vacancy/45557217,https://hh.ru
Middle Python-разработчик в команду Navi,2ГИС,Нижний Новгород,,,,,https://pushkino.hh.ru/vacancy/44385711,https://hh.ru
Backend python developer (CV),Сибур,Москва,Профсоюзная,,,,https://pushkino.hh.ru/vacancy/45484801,https://hh.ru
Разработчик Python (middle),SPTLab,Москва,Кутузовская,150000,,,https://pushkino.hh.ru/vacancy/44116914,https://hh.ru
Программист Python,АО Транссеть,Нижний Новгород,,,,,https://pushkino.hh.ru/vacancy/46266642,https://hh.ru
"Программист, python middle",Rockylabs,Новосибирск,,110000,200000,руб.,https://pushkino.hh.ru/vacancy/46166481,https://hh.ru
Middle Python-разработчик в команду Navi,2ГИС,Казань,,,,,https://pushkino.hh.ru/vacancy/44377149,https://hh.ru
Программист-разработчик Python,АО Гринатом,Казань,,,,,https://pushkino.hh.ru/vacancy/46275970,https://hh.ru
Senior Python Developer,GP Solutions,Минск,Молодежная,,,,https://pushkino.hh.ru/vacancy/46423378,https://hh.ru
Fullstack Python Developer,Nitka Technologies,Ростов-на-Дону,,,,,https://pushkino.hh.ru/vacancy/46242437,https://hh.ru
Программист Python,Красное & Белое,Челябинск,,,,,https://pushkino.hh.ru/vacancy/40657930,https://hh.ru
Python-разработчик (Пульс),Mail.ru Group,Москва,,,,,https://pushkino.hh.ru/vacancy/43079410,https://hh.ru
Разработчик Python,Т1 Интеграция,Москва,,,,,https://pushkino.hh.ru/vacancy/46027206,https://hh.ru
Python разработчик (Django),ООО Апптимизм,Москва,Улица 1905 года,150000,170000,руб.,https://pushkino.hh.ru/vacancy/46173267,https://hh.ru
Программист-разработчик Python,АО Гринатом,Северск (Томская область),,,,,https://pushkino.hh.ru/vacancy/46275971,https://hh.ru
Python/Go-разработчик в команду биллинга,Selectel,Санкт-Петербург,Московские ворота,,,,https://pushkino.hh.ru/vacancy/46486126,https://hh.ru
Программист-разработчик Python,АО Гринатом,Томск,,,,,https://pushkino.hh.ru/vacancy/46275968,https://hh.ru
Ведущий программист Python,ООО ФК ПУЛЬС,Химки,,160000,220000,руб.,https://pushkino.hh.ru/vacancy/34847485,https://hh.ru
DevOps Инженер (Python),Сбер. IT,Москва,Кутузовская,,,,https://pushkino.hh.ru/vacancy/46408662,https://hh.ru
Разработчик Python,ЭР-Телеком,Москва,,,,,https://pushkino.hh.ru/vacancy/46091412,https://hh.ru
Python Senior Developer,Itransition,Москва,,,,,https://pushkino.hh.ru/vacancy/42513428,https://hh.ru
Junior backend developer python,PROdevelopment,Новосибирск,,,,,https://pushkino.hh.ru/vacancy/46069407,https://hh.ru
Python разработчик Middle,ООО Строительный Двор,Тюмень,,80000,150000,руб.,https://pushkino.hh.ru/vacancy/37029603,https://hh.ru
Python разработчик (middle),MyTona,Новосибирск,,,,,https://pushkino.hh.ru/vacancy/43939847,https://hh.ru
Python разработчик(Middle),ООО НПО Панцирь,Челябинск,,60000,100000,руб.,https://pushkino.hh.ru/vacancy/46181997,https://hh.ru
Python developer (Middle),"СимбирСофт,ООО",Саратов,,,,,https://pushkino.hh.ru/vacancy/46400205,https://hh.ru
Python разработчик,Яндекс,Москва,,,,,https://pushkino.hh.ru/vacancy/46179985,https://hh.ru
Python Senior Developer,Itransition,Санкт-Петербург,,,,,https://pushkino.hh.ru/vacancy/42513429,https://hh.ru
Стажер разработчик Python,ООО Аналитические программные решения,Москва,Марьина Роща,20000,50000,руб.,https://pushkino.hh.ru/vacancy/46006596,https://hh.ru
BackEnd Python Developer Middle+,ООО Апподил,Львов,,,,,https://pushkino.hh.ru/vacancy/46405296,https://hh.ru
BackEnd Python Developer Mid+,ООО Апподил,Санкт-Петербург,,,,,https://pushkino.hh.ru/vacancy/46393253,https://hh.ru
Python Developer (gamedev),Neon Banana,Санкт-Петербург,,,,,https://pushkino.hh.ru/vacancy/42804062,https://hh.ru
Python разработчик,БАРС Груп,Казань,,60000,200000,руб.,https://pushkino.hh.ru/vacancy/46066381,https://hh.ru
Senior Python Developer,HARMAN Connected Services,Нижний Новгород,Горьковская,,,,https://pushkino.hh.ru/vacancy/46390544,https://hh.ru
Senior Python Backend Developer / WEB - разработчик,ООО Перфект Системс,Баку,,2400,,,https://pushkino.hh.ru/vacancy/46126510,https://hh.ru
Python разработчик (удаленно),ООО Строительный Двор,Москва,,150000,220000,руб.,https://pushkino.hh.ru/vacancy/40278614,https://hh.ru
Инженер-программист Python/Django,ООО ИнфоДев,Хабаровск,,,,,https://pushkino.hh.ru/vacancy/45359229,https://hh.ru
Бэкенд-разработчик (Python) / Middle Python / Python Developer (Remote),ЮТэйр,Киров (Кировская область),,150000,220000,руб.,https://pushkino.hh.ru/vacancy/46106059,https://hh.ru
Python Backend Developer / WEB - разработчик,ООО Перфект Системс,Минск,,2400,,,https://pushkino.hh.ru/vacancy/46126293,https://hh.ru
Программист Python,ООО Электронная медицина,Ростов-на-Дону,,70000,200000,руб.,https://pushkino.hh.ru/vacancy/40030321,https://hh.ru
Python разработчик (middle),MyTona,Владивосток,,,,,https://pushkino.hh.ru/vacancy/43939845,https://hh.ru
Fullstack Python Developer,Nitka Technologies,Екатеринбург,,,,,https://pushkino.hh.ru/vacancy/46242319,https://hh.ru
Data Engineer (Python/Java),Тинькофф,Москва,,,,,https://pushkino.hh.ru/vacancy/41763219,https://hh.ru
Python developer,GeekBrains,Москва,Маяковская,,,,https://pushkino.hh.ru/vacancy/46308021,https://hh.ru
Senior Python Backend Developer / Удаленная работа,Tencoins,Мальта,,200000,250000,руб.,https://pushkino.hh.ru/vacancy/46023633,https://hh.ru
Python разработчик,Сбер для экспертов,Иннополис,,,,,https://pushkino.hh.ru/vacancy/46333847,https://hh.ru
Бэкенд-разработчик (Python)/ Middle Python/ Python Developer (Remote),ЮТэйр,Астрахань,,150000,220000,руб.,https://pushkino.hh.ru/vacancy/46106111,https://hh.ru
Junior Python разработчик,ООО Виста,Санкт-Петербург,,60000,,,https://pushkino.hh.ru/vacancy/45295480,https://hh.ru
Python разработчик,Сбер. IT,Омск,,,,,https://pushkino.hh.ru/vacancy/46141954,https://hh.ru
Python-разработчик (Middle/Senior),Hi,Москва,,200000,,,https://pushkino.hh.ru/vacancy/46081316,https://hh.ru
Ведущий разработчик (Python),ООО UMA.Tech,Москва,,,,,https://pushkino.hh.ru/vacancy/39279569,https://hh.ru
Python разработчик,БАРС Груп,Уфа,,60000,200000,руб.,https://pushkino.hh.ru/vacancy/46066384,https://hh.ru
Middle Python разработчик,ООО Виста,Санкт-Петербург,,100000,,,https://pushkino.hh.ru/vacancy/46115114,https://hh.ru
Python разработчик,БАРС Груп,Чебоксары,,60000,200000,руб.,https://pushkino.hh.ru/vacancy/46066383,https://hh.ru
QA Automation Engineer (Python),WakeApp,Москва,,,,,https://pushkino.hh.ru/vacancy/46382576,https://hh.ru
Python разработчик,DSSL,Москва,,,,,https://pushkino.hh.ru/vacancy/43661617,https://hh.ru
Python разработчик,БАРС Груп,Ульяновск,,60000,200000,руб.,https://pushkino.hh.ru/vacancy/46066382,https://hh.ru
Senior Python-разработчик,IBIT,Екатеринбург,,,,,https://pushkino.hh.ru/vacancy/46245733,https://hh.ru
Python developer with Big Data (office/remote),EPAM Systems,Санкт-Петербург,,,,,https://pushkino.hh.ru/vacancy/46054992,https://hh.ru
Инженер данных (python),Rambler Group,Москва,Тульская,,,,https://pushkino.hh.ru/vacancy/46078681,https://hh.ru
Python разработчик,БАРС Груп,Рязань,,60000,200000,руб.,https://pushkino.hh.ru/vacancy/45558804,https://hh.ru
Python разработчик,БАРС Груп,Томск,,60000,200000,руб.,https://pushkino.hh.ru/vacancy/46066392,https://hh.ru
Python Django разработчик,ООО Юником,Москва,,,,,https://pushkino.hh.ru/vacancy/41452084,https://hh.ru
Python Developer,ООО Умный Код,Москва,,,,,https://pushkino.hh.ru/vacancy/46106976,https://hh.ru
Backend python (Django) разработчик,Emphasoft,Санкт-Петербург,,,,,https://pushkino.hh.ru/vacancy/45296019,https://hh.ru
Python разработчик,БАРС Груп,Владивосток,,60000,200000,руб.,https://pushkino.hh.ru/vacancy/46066391,https://hh.ru
Backend разработчик (Python),Alar Studios,Черногория,,,,,https://pushkino.hh.ru/vacancy/46180288,https://hh.ru
Python разработчик,БАРС Груп,Мурманск,,60000,200000,руб.,https://pushkino.hh.ru/vacancy/46066393,https://hh.ru
Python-разработчик в Департамент бизнес-процессов,Mail.ru Group,Москва,Аэропорт,,,,https://pushkino.hh.ru/vacancy/43572273,https://hh.ru
Python Backend Developer / WEB - разработчик,ООО Перфект Системс,Тбилиси,,2400,,,https://pushkino.hh.ru/vacancy/46126294,https://hh.ru
Fullstack Python Developer,Nitka Technologies,Владивосток,,,,,https://pushkino.hh.ru/vacancy/46242597,https://hh.ru
Разработчик Python (телеком),Neuro.net,Нижний Новгород,,150000,,,https://pushkino.hh.ru/vacancy/44103504,https://hh.ru
Python разработчик,БАРС Груп,Саратов,,60000,200000,руб.,https://pushkino.hh.ru/vacancy/46066397,https://hh.ru
Python Developer (Backend),ООО GETMOBIT,Москва,Савеловская,,250000,руб.,https://pushkino.hh.ru/vacancy/46055778,https://hh.ru
Python разработчик,БАРС Груп,Сочи,,60000,200000,руб.,https://pushkino.hh.ru/vacancy/46066386,https://hh.ru
Программист Python (Middle),ООО РАБЛЗ,Москва,,,250000,руб.,https://pushkino.hh.ru/vacancy/42587352,https://hh.ru
"Senior Python Developer, Financial Software Solutions",DataArt,Воронеж,,,,,https://pushkino.hh.ru/vacancy/44846546,https://hh.ru
Python Team Lead/Senior Python Developer,KPMG,Ростов-на-Дону,,,,,https://pushkino.hh.ru/vacancy/46303503,https://hh.ru
Python Developer,IT школа Hello world,Санкт-Петербург,,,,,https://pushkino.hh.ru/vacancy/45682541,https://hh.ru
Разработчик Python,ООО Гуд Би Ай,Пермь,,35000,95000,руб.,https://pushkino.hh.ru/vacancy/46111096,https://hh.ru
Бэкенд-разработчик/Python/Middle Python/ Python Developer (Remote),ЮТэйр,Тверь,,150000,220000,руб.,https://pushkino.hh.ru/vacancy/46017566,https://hh.ru
Python разработчик SberDevices,Сбер. IT,Москва,,,,,https://pushkino.hh.ru/vacancy/41019313,https://hh.ru
Backend-разработчик Python,Neuro.net,Нижний Новгород,,120000,,,https://pushkino.hh.ru/vacancy/45068132,https://hh.ru
Regular Python Developer,Свордфиш Секьюрити,Москва,ЗИЛ,,,,https://pushkino.hh.ru/vacancy/45991820,https://hh.ru
Программист Python,Брайт Солюшенз,Минск,Пушкинская,,,,https://pushkino.hh.ru/vacancy/45997356,https://hh.ru
Разработчик Python,Простор Телеком,Санкт-Петербург,Василеостровская,,,,https://pushkino.hh.ru/vacancy/45754404,https://hh.ru
Data Scientist (Python) на ГПХ,«РОСБАНК,Москва,Комсомольская,,,,https://pushkino.hh.ru/vacancy/46066069,https://hh.ru
Python developer,Sofoil LLC,Казань,Суконная слобода,,,,https://pushkino.hh.ru/vacancy/46078440,https://hh.ru
Разработчик в тестировании/SDET (Python),"СимбирСофт,ООО",Ульяновск,,,,,https://pushkino.hh.ru/vacancy/46237927,https://hh.ru
Fullstack Python Developer,Nitka Technologies,Омск,,,,,https://pushkino.hh.ru/vacancy/46242619,https://hh.ru
Junior Data Engineer (Python),DataFork,Москва,Лубянка,100000,140000,руб.,https://pushkino.hh.ru/vacancy/46176349,https://hh.ru
Python/Django разработчик,ReTech Labs,Томск,,110000,,,https://pushkino.hh.ru/vacancy/45251654,https://hh.ru
Разработчик Python,ПАО Первая Грузовая Компания,Москва,Бауманская,,,,https://pushkino.hh.ru/vacancy/46309683,https://hh.ru
Инженер по автоматизации тестирования Python (PT XDR),Positive Technologies,Москва,,,,,https://pushkino.hh.ru/vacancy/46084886,https://hh.ru
Python разработчик,БАРС Груп,Рыбинск,,60000,200000,руб.,https://pushkino.hh.ru/vacancy/45558605,https://hh.ru
Python/Django разработчик,ООО Umbrella IT,Таганрог,,,,,https://pushkino.hh.ru/vacancy/43975457,https://hh.ru
Senior Python Backend Developer / WEB - разработчик,ООО Перфект Системс,Москва,,230000,,,https://pushkino.hh.ru/vacancy/46123880,https://hh.ru
Python Разработчик / Team Lead,Медиалогия,Москва,Дмитровская,120000,,,https://pushkino.hh.ru/vacancy/44714979,https://hh.ru
Разработчик Python,ООО Электронная медицина,Ростов-на-Дону,,30000,80000,руб.,https://pushkino.hh.ru/vacancy/40376578,https://hh.ru
Бэкенд-разработчик (Python) / Middle Python / Python Developer (Remote),ЮТэйр,Владимир,,150000,220000,руб.,https://pushkino.hh.ru/vacancy/46106105,https://hh.ru
Python Developer,IT школа Hello world,Москва,,,,,https://pushkino.hh.ru/vacancy/45682540,https://hh.ru
Python разработчик,ООО Кошелек.Ру,Санкт-Петербург,,30000,60000,руб.,https://pushkino.hh.ru/vacancy/45403322,https://hh.ru
Программист Python,ООО Неовокс Технологии,Волжский (Волгоградская область),,,90000,руб.,https://pushkino.hh.ru/vacancy/44570552,https://hh.ru
Python разработчик (back-end),ООО Национальный Цифровой Агрегатор,Москва,Технопарк,,200000,руб.,https://pushkino.hh.ru/vacancy/46129200,https://hh.ru
Senior Python developer,Курсус,Санкт-Петербург,,,,,https://pushkino.hh.ru/vacancy/46295563,https://hh.ru
C++/Python разработчик в Поиск,Яндекс,Санкт-Петербург,,,,,https://pushkino.hh.ru/vacancy/46063021,https://hh.ru
Python Developer (basic DevOps experience),Luxoft,Москва,,,,,https://pushkino.hh.ru/vacancy/44479499,https://hh.ru
Backend разработчик на Python (Junior),Adeptum Digital Production,Смоленск,,,,,https://pushkino.hh.ru/vacancy/46021317,https://hh.ru
Big Data Developer (Python and SQL),Grid Dynamics,Саратов,,,,,https://pushkino.hh.ru/vacancy/38570596,https://hh.ru
Разработчик SQL/Python,Social Discovery Ventures,Москва,,,,,https://pushkino.hh.ru/vacancy/45960787,https://hh.ru
Python Backend Developer / WEB - разработчик,ООО Перфект Системс,Москва,,185000,,,https://pushkino.hh.ru/vacancy/46123925,https://hh.ru
Программист Python Django + React,beei.ai,Москва,Выставочная,90000,150000,руб.,https://pushkino.hh.ru/vacancy/46132279,https://hh.ru
Middle Python разработчик для алюминиевой компании,EPAM Systems,Ростов-на-Дону,,,,,https://pushkino.hh.ru/vacancy/46121949,https://hh.ru
Python разработчик,БАРС Груп,Улан-Удэ,,60000,200000,руб.,https://pushkino.hh.ru/vacancy/46066395,https://hh.ru
Python разработчик (Big data),ПАО «МТС»,Москва,Технопарк,,,,https://pushkino.hh.ru/vacancy/44256604,https://hh.ru
Senior Python разработчик,Positive Technologies,Томск,,,,,https://pushkino.hh.ru/vacancy/46569163,https://hh.ru
Senior Python разработчик,Positive Technologies,Москва,,,,,https://pushkino.hh.ru/vacancy/46569159,https://hh.ru
Junior/ Middle Front-End Software Developer в Python отдел,Innowise Group / Фабрика инноваций и решений,Минск,,,,,https://pushkino.hh.ru/vacancy/45809010,https://hh.ru
Python/ Scala разработчик,Лига Цифровой Экономики,Санкт-Петербург,,,,,https://pushkino.hh.ru/vacancy/45873988,https://hh.ru
Junior разработчик Computer Vision со знанием Python,ООО КСОР,Москва,,,,,https://pushkino.hh.ru/vacancy/46564524,https://hh.ru
Python Developer (QA Automation),АО Citibank,Москва,,,,,https://pushkino.hh.ru/vacancy/46570206,https://hh.ru
Backend developer Python,ООО ИБС ДатаФорт,Москва,,,,,https://pushkino.hh.ru/vacancy/46566521,https://hh.ru
QA automation engineer/Python Блок Технологии,Сбер для экспертов,Санкт-Петербург,,,,,https://pushkino.hh.ru/vacancy/46573930,https://hh.ru
Senior Front-End Software Developer в Python отдел,Innowise Group / Фабрика инноваций и решений,Минск,,,,,https://pushkino.hh.ru/vacancy/45809812,https://hh.ru
Junior/ Middle Front-End Software Developer в Python отдел,Innowise Group / Фабрика инноваций и решений,Могилев,,,,,https://pushkino.hh.ru/vacancy/45808051,https://hh.ru
Team Lead Python,Лига Цифровой Экономики,Санкт-Петербург,Выборгская,,,,https://pushkino.hh.ru/vacancy/46573707,https://hh.ru
Разработчик Python в команду разработки Выделенных серверов и оборудования,Selectel,Санкт-Петербург,Московские ворота,,,,https://pushkino.hh.ru/vacancy/46571968,https://hh.ru
Senior Front-End Software Developer в Python отдел,Innowise Group / Фабрика инноваций и решений,Могилев,,,,,https://pushkino.hh.ru/vacancy/45809756,https://hh.ru
"Инженер по тестированию Python, Логистика",Ozon Информационные технологии,Санкт-Петербург,,,,,https://pushkino.hh.ru/vacancy/45855310,https://hh.ru
Senior backend разработчик Python/Team lead,uHome,Москва,,,,,https://pushkino.hh.ru/vacancy/46376815,https://hh.ru
Python Senior Developer,ООО Страховая компания «Сбербанк страхование»,Москва,,,,,https://pushkino.hh.ru/vacancy/44811190,https://hh.ru
Python Auto Tester (Remote),Auriga,Ростов-на-Дону,,,,,https://pushkino.hh.ru/vacancy/45799242,https://hh.ru
Middle Backend-разработчик (Python),АО Фонд стратегического развития энергетики Форсайт,Москва,Аэропорт,,,,https://pushkino.hh.ru/vacancy/46567974,https://hh.ru
Преподаватель Python в школу программирования,JCat.ru,Нефтеюганск,,30000,60000,руб.,https://pushkino.hh.ru/vacancy/46572153,https://hh.ru
Middle/Senior Backend Developer (Python),E-COM PORTAL,Казань,,190000,,,https://pushkino.hh.ru/vacancy/46565142,https://hh.ru
Python-разработчик в NeuroCore,Контур,Санкт-Петербург,,,,,https://pushkino.hh.ru/vacancy/45462974,https://hh.ru
Python разработчик,MST,Краснодар,,,,,https://pushkino.hh.ru/vacancy/46085690,https://hh.ru
Python Developer,ООО Ак Барс Цифровые Технологии,Нижний Новгород,,,,,https://pushkino.hh.ru/vacancy/46026646,https://hh.ru
Python Developer,Auriga,Санкт-Петербург,,,,,https://pushkino.hh.ru/vacancy/46102357,https://hh.ru
Python Software Engineer,Elastoo,Минск,,140000,,,https://pushkino.hh.ru/vacancy/46297826,https://hh.ru
Python-разработчик,Сбер для экспертов,Иннополис,,,,,https://pushkino.hh.ru/vacancy/46139990,https://hh.ru
Middle/Senior Backend developer Python,ООО Napoleon IT,Казань,,,,,https://pushkino.hh.ru/vacancy/43744286,https://hh.ru
Python Developer,IT школа Hello world,Красноярск,,80000,,,https://pushkino.hh.ru/vacancy/45682539,https://hh.ru
Fullstack Python Developer,Vivid Money,Москва,Динамо,,,,https://pushkino.hh.ru/vacancy/46115927,https://hh.ru
Back-end Python/Django разработчик,ООО Mind&Machine,Москва,Бауманская,130000,200000,руб.,https://pushkino.hh.ru/vacancy/45349145,https://hh.ru
Python-разработчик в NeuroCore,Контур,Иннополис,,,,,https://pushkino.hh.ru/vacancy/45462960,https://hh.ru
Python Developer (Machine Learning),ООО ФАН,Санкт-Петербург,,,,,https://pushkino.hh.ru/vacancy/45272648,https://hh.ru
Разработчик Python (Uma.Tech),ООО Premier,Москва,,,,,https://pushkino.hh.ru/vacancy/45319598,https://hh.ru
Senior Python developer (office/remote),EPAM Systems,Санкт-Петербург,,,,,https://pushkino.hh.ru/vacancy/46054966,https://hh.ru
Senior Python программист,Офисный Мир КМ,Ростов-на-Дону,,,220000,руб.,https://pushkino.hh.ru/vacancy/41607887,https://hh.ru
Python Developer,LeverX International,Минск,,,,,https://pushkino.hh.ru/vacancy/44369407,https://hh.ru
Backend Developer Middle (Python),Krew Guru,Москва,,140000,170000,руб.,https://pushkino.hh.ru/vacancy/46100698,https://hh.ru
Python Middle Developer,Itransition,Калуга,,,,,https://pushkino.hh.ru/vacancy/44401002,https://hh.ru
Ведущий Python разработчик,Artezio,Санкт-Петербург,Василеостровская,,,,https://pushkino.hh.ru/vacancy/46023399,https://hh.ru
Senior python developer,ООО Ак Барс Цифровые Технологии,Казань,,,,,https://pushkino.hh.ru/vacancy/45644758,https://hh.ru
Автор работ по программированию на Python,Homework,Санкт-Петербург,,,90000,руб.,https://pushkino.hh.ru/vacancy/44569430,https://hh.ru
Python Django разработчик,IMVO,Екатеринбург,,,,,https://pushkino.hh.ru/vacancy/46065682,https://hh.ru
Программист Python,ИП Понятов А. А.,Брест,,1000,,,https://pushkino.hh.ru/vacancy/45951277,https://hh.ru
Middle\Senior Python Developer,Eugene Global Consulting,Москва,,,,,https://pushkino.hh.ru/vacancy/45925142,https://hh.ru
Middle/Senior Python Developer,Intetics,Минск,Молодежная,,,,https://pushkino.hh.ru/vacancy/45975915,https://hh.ru
Python Developer,M-soft,Санкт-Петербург,,150000,,,https://pushkino.hh.ru/vacancy/45545376,https://hh.ru
BackEnd Lead Python,СберЗвук,Москва,Кутузовская,,,,https://pushkino.hh.ru/vacancy/45458021,https://hh.ru
Senior Python developer (Django),Kokoc Group,Москва,,,,,https://pushkino.hh.ru/vacancy/46201697,https://hh.ru
Senior Python разработчик,Университет НТИ 20.35,Москва,,,,,https://pushkino.hh.ru/vacancy/46091793,https://hh.ru
Senior Python Developer (reporting/analytics engine),Netcracker Technology Corp.,Самара,Московская,,,,https://pushkino.hh.ru/vacancy/46012452,https://hh.ru
Senior Python Developer,Altoros Bel,Минск,Кунцевщина,,,,https://pushkino.hh.ru/vacancy/44391852,https://hh.ru
Senior Python Engineer (Big Data) for Data Platform Team,Parimatch Tech,Москва,,,,,https://pushkino.hh.ru/vacancy/45989383,https://hh.ru
Ведущий разработчик Python,ЗАО 1С,Москва,,,,,https://pushkino.hh.ru/vacancy/45962498,https://hh.ru
Senior Python Engineer (Big Data) for Data Platform Team,Parimatch Tech,Минск,,,,,https://pushkino.hh.ru/vacancy/45987344,https://hh.ru
Ведущий разработчик Python,ООО РТ-Инвест Транспортные Системы,Москва,Савеловская,,,,https://pushkino.hh.ru/vacancy/40986710,https://hh.ru
Python Разработчик,ИП Contact Group,Бишкек,,80000,160000,KGS,https://pushkino.hh.ru/vacancy/46680693,https://hh.ru
Python/Django Web Developer,GEOLN LLC,Батуми,,1500,2000,USD,https://pushkino.hh.ru/vacancy/46716619,https://hh.ru
Python Developer,СкилСофт,Гродно,,,,,https://pushkino.hh.ru/vacancy/46672360,https://hh.ru
Backend Python Разработчик,ТОО Royal Fortune,Нур-Султан,,150000,4000000,KZT,https://pushkino.hh.ru/vacancy/46553135,https://hh.ru
Senior Python developer,ИП KLF,Алматы,,850000,1300000,KZT,https://pushkino.hh.ru/vacancy/46549878,https://hh.ru
Python test automation engineer (Cloud Systems),Центр разработки Orion Innovation (ранее MERA),Казань,,,,,https://pushkino.hh.ru/vacancy/46666064,https://hh.ru
Middle/Senior/Lead Python Software Engineer,Godel Technologies Europe,Минск,,,,,https://pushkino.hh.ru/vacancy/42140942,https://hh.ru
Инженер-программист C++/Python (Mobile robotics engineer Middle),ООО ЛАЦИТ - Лаборатория цифровых технологий,Минск,Площадь Франтишка Богушевича,,,,https://pushkino.hh.ru/vacancy/46480763,https://hh.ru
Middle Python Developer (Online Retailer),DataArt,Харьков,,,,,https://pushkino.hh.ru/vacancy/46539491,https://hh.ru
Middle Python Developer (Online Retailer),DataArt,Харьков,Площадь Восстания,,,,https://pushkino.hh.ru/vacancy/46539688,https://hh.ru
Python test automation engineer (Cloud Systems),Центр разработки Orion Innovation (ранее MERA),Нижний Новгород,,,,,https://pushkino.hh.ru/vacancy/46668764,https://hh.ru
Middle QA Automation (Python) Engineer (Crypto Security Solution),DataArt,Харьков,,,,,https://pushkino.hh.ru/vacancy/46539617,https://hh.ru
Инженер-разработчик (программист Python),ООО Парус электро,Москва,Царицыно,,,,https://pushkino.hh.ru/vacancy/46447886,https://hh.ru
Senior Automation QA (Python),МойОфис,Москва,Пушкинская,,,,https://pushkino.hh.ru/vacancy/38520777,https://hh.ru
Разработчик Android/Python,Агрокультура,Белгород,,,,,https://pushkino.hh.ru/vacancy/44666339,https://hh.ru
Разработчик Android/Python,Агрокультура,Рязань,,,,,https://pushkino.hh.ru/vacancy/44666341,https://hh.ru
Разработчик 1С (со знанием Python),ООО Умный Код,Москва,,150000,,,https://pushkino.hh.ru/vacancy/46700869,https://hh.ru
Python full-stack Developer (Middle / Senior),ООО СолбегСофт,Минск,,,,,https://pushkino.hh.ru/vacancy/46711350,https://hh.ru
"Web-разработчик (React, Python)",BeeJee,Санкт-Петербург,,800,3000,USD,https://pushkino.hh.ru/vacancy/45795577,https://hh.ru
Senior Python Developer (Media Distribution Platform),DataArt,Киев,,,,,https://pushkino.hh.ru/vacancy/46519153,https://hh.ru
Lead Full Stack (Python + React) Engineer (Online Education Solutions),DataArt,Одесса,,,,,https://pushkino.hh.ru/vacancy/46539874,https://hh.ru
"Программист разработчик (Python, Java, Javascript, PHP) Junior web developer",Pro-подбор,Москва,,100000,100000,руб.,https://pushkino.hh.ru/vacancy/46574931,https://hh.ru
Middle Python developer (Москва),ООО Тагес Джамп,Москва,Коломенская,130000,200000,руб.,https://pushkino.hh.ru/vacancy/42608114,https://hh.ru
Middle веб-программист (Full-Stack) - Python/JS,Флексайтс,Челябинск,,60000,90000,руб.,https://pushkino.hh.ru/vacancy/46370660,https://hh.ru
Middle/Senior/Lead Python Software Engineer,Godel Technologies Europe,Могилев,,,,,https://pushkino.hh.ru/vacancy/42233723,https://hh.ru
Ведущий программист Python + 1C,ООО Телесейлз сервис,Воронеж,,,,,https://pushkino.hh.ru/vacancy/46714318,https://hh.ru
Custody Risk Manager (Analyst with SQL&Python),LATOKEN,Казань,,120000,240000,руб.,https://pushkino.hh.ru/vacancy/46117024,https://hh.ru
Custody Risk Manager (Analyst with SQL&Python),LATOKEN,Новосибирск,,120000,240000,руб.,https://pushkino.hh.ru/vacancy/46117025,https://hh.ru
Преподаватель в школу программирования (Python/ Unity/ Arduino),ИП Афанасьев Владимир Владимирович,Москва,,,,,https://pushkino.hh.ru/vacancy/46706805,https://hh.ru
Python Fullstack Developer (СберЗвук Бизнес),СберЗвук,Санкт-Петербург,,,,,https://pushkino.hh.ru/vacancy/45307921,https://hh.ru
QA Automation Engineer (Python) for Arlo,ООО ИТС Партнёр,Нур-Султан,,,,,https://pushkino.hh.ru/vacancy/43524034,https://hh.ru
Developer in Test / Senior QA Automation Engineer (Python),GridGain Systems,Москва,,,,,https://pushkino.hh.ru/vacancy/46652396,https://hh.ru
SDET / Developer in Test (Java or Python),GridGain Systems,Санкт-Петербург,,,,,https://pushkino.hh.ru/vacancy/46652539,https://hh.ru
"Project Manager, ERP&CRM, Python",ООО МосТрансАренда,Москва,Коломенская,100000,,,https://pushkino.hh.ru/vacancy/46216100,https://hh.ru
"Инженер со знанием Python'а (3D, геометрия)",Align Technology,Москва,,,,,https://pushkino.hh.ru/vacancy/44827994,https://hh.ru
"Ведущий ИТ-инженер (Python, Go)",Сбер. IT,Москва,,,,,https://pushkino.hh.ru/vacancy/46647743,https://hh.ru
Разработчик средств автоматизации (Python),ООО Безопасная информационная зона. Направление Кибербезопасность,Москва,Бауманская,,,,https://pushkino.hh.ru/vacancy/45889797,https://hh.ru
Преподаватель Python в учебном центре,ООО Эдюкейшн груп,Северск (Томская область),,16000,32000,руб.,https://pushkino.hh.ru/vacancy/46181653,https://hh.ru
Преподаватель Python в учебном центре,ООО Эдюкейшн груп,Томск,,16000,32000,руб.,https://pushkino.hh.ru/vacancy/46181654,https://hh.ru
"Tech Lead with Python Experience, Financial Software Solutions",DataArt,Санкт-Петербург,,,,,https://pushkino.hh.ru/vacancy/44845594,https://hh.ru
"Senior Python Developer, Media Distribution Platform",DataArt,Санкт-Петербург,,,,,https://pushkino.hh.ru/vacancy/44312247,https://hh.ru
Системный программист Linux/Python/C++(C) Developer/Инженер,Атом Безопасность,Новосибирск,,120000,180000,руб.,https://pushkino.hh.ru/vacancy/46325964,https://hh.ru
"Преподаватель курса лекций ""Программирование. Язык Python"" в ВКИ (бакалавриат)",Новосибирский государственный университет,Новосибирск,,,,,https://pushkino.hh.ru/vacancy/46513942,https://hh.ru
"Преподаватель курса семинаров ""Программирование. Язык Python"" в ВКИ (бакалавриат)",Новосибирский государственный университет,Новосибирск,,,,,https://pushkino.hh.ru/vacancy/46513994,https://hh.ru
"Технический руководитель (Python, дистанционный режим, постоянная занятость)",ООО Талмер,Москва,Крылатское,,350000,руб.,https://pushkino.hh.ru/vacancy/46550641,https://hh.ru
Junior/ Middle Front-End Software Developer в Python отдел,Innowise Group / Фабрика инноваций и решений,Могилев,,,,,https://pushkino.hh.ru/vacancy/45808051,https://hh.ru
Разработчик по оптимизации бизнес-процессов (Python),ДИКСИ. Офис,Москва,Рижская,,,,https://pushkino.hh.ru/vacancy/46554428,https://hh.ru
Senior Front-End Software Developer в Python отдел,Innowise Group / Фабрика инноваций и решений,Могилев,,,,,https://pushkino.hh.ru/vacancy/45809756,https://hh.ru
Разработчик бэкенда в Единое Избранное (Python),Яндекс,Санкт-Петербург,,,,,https://pushkino.hh.ru/vacancy/46172306,https://hh.ru
Разработчик бэкенда в Яндекс.Гараж (C++ / Python),Яндекс,Екатеринбург,,,,,https://pushkino.hh.ru/vacancy/46288087,https://hh.ru
Разработчик бэкенда в Единое Избранное (Python),Яндекс,Екатеринбург,,,,,https://pushkino.hh.ru/vacancy/46171837,https://hh.ru
QA Automation Engineer / Тестировщик (Python),ООО ТаймВэб,Санкт-Петербург,Московские ворота,100000,,,https://pushkino.hh.ru/vacancy/46550714,https://hh.ru
Инженер по автоматизации тестирования (Python),Лаборатория Касперского,Москва,Водный стадион,,,,https://pushkino.hh.ru/vacancy/44319729,https://hh.ru
"Младший инженер / Junior QA Automation Engineer (Powershell, Python)",Veeam Software,Санкт-Петербург,,70000,110000,руб.,https://pushkino.hh.ru/vacancy/44868124,https://hh.ru
"Инженер по автоматизации тестирования Python, Личный кабинет продавца / Доставка",Ozon Информационные технологии,Москва,Деловой центр,,,,https://pushkino.hh.ru/vacancy/46553981,https://hh.ru
Аналитик (VBA/Python),АО ДОМ.РФ,Москва,Арбатская,,,,https://pushkino.hh.ru/vacancy/43657252,https://hh.ru
"Младший операционный менеджер (со знанием Sql, Python)",Яндекс,Краснодар,,29000,38000,руб.,https://pushkino.hh.ru/vacancy/46445462,https://hh.ru
Преподаватель Python в школу программирования,JCat.ru,Нефтеюганск,,30000,60000,руб.,https://pushkino.hh.ru/vacancy/46572153,https://hh.ru
Full Stack (Python/ Vue js) developer,Belitsoft,Минск,,,,,https://pushkino.hh.ru/vacancy/46551290,https://hh.ru
"Младший операционный менеджер (со знанием Sql, Python)",Яндекс,Казань,,29000,38000,руб.,https://pushkino.hh.ru/vacancy/46446517,https://hh.ru
"Младший операционный менеджер (со знанием Sql, Python)",Яндекс,Волгоград,,29000,38000,руб.,https://pushkino.hh.ru/vacancy/46446764,https://hh.ru
"Младший операционный менеджер (со знанием Sql, Python)",Яндекс,Воронеж,,29000,38000,руб.,https://pushkino.hh.ru/vacancy/46446567,https://hh.ru
Senior Python Web Developer (Django/Flask),Ingram Micro,Москва,Белорусская,,,,https://pushkino.hh.ru/vacancy/43243706,https://hh.ru
Senior Python backend developer,ООО Талала,Москва,,,,,https://pushkino.hh.ru/vacancy/42077815,https://hh.ru
Специалист по автотестированию (Python),Ростелеком-Солар,Москва,,,,,https://pushkino.hh.ru/vacancy/46533699,https://hh.ru
Преподаватель по Python в школу программирования для детей «Алгоритмика»,Алгоритмика::Программирование::Грозный (ИП Хачукаев Муса Магомедович),Грозный,,,,,https://pushkino.hh.ru/vacancy/46461017,https://hh.ru
"Инженер по автоматизированному тестированию (QA Automation Engineer) Python, C",ООО АМИКОН,Москва,Южная,90000,140000,руб.,https://pushkino.hh.ru/vacancy/45628289,https://hh.ru
Инженер-программист 1 категории в Управлении информационных систем (NodeJS/Python),Государственное бюджетное учреждение Республики Саха (Якутия) Республиканский центр инфокоммуникационных технологий,Якутск,,65000,,,https://pushkino.hh.ru/vacancy/46439293,https://hh.ru
"Ведущий аналитик (SQL, PL/SQL, Python)",РГС Банк,Москва,,,,,https://pushkino.hh.ru/vacancy/45654475,https://hh.ru
Fullstack-разработчик (разработка на Python и архитектура),GlobalCareer,Сочи,,,250000,руб.,https://pushkino.hh.ru/vacancy/46449624,https://hh.ru
Fullstack Middle Python (Django) / VueJS Dev,КРОК,Москва,,,,,https://pushkino.hh.ru/vacancy/46420292,https://hh.ru
QA Auto Python,Иннотех,Москва,,,,,https://pushkino.hh.ru/vacancy/44995055,https://hh.ru
"BackEnd разработчик в команду разработки чат-бота (Typescript, Python)",Центральный банк Российской Федерации,Екатеринбург,,,,,https://pushkino.hh.ru/vacancy/46413416,https://hh.ru
Разработчик Python (Senior Developer/middle),ООО РСХБ-Интех,Тольятти,,,,,https://pushkino.hh.ru/vacancy/44957281,https://hh.ru
"Python-программист (рекомендательные системы, сервисы на базе ML)",ivi,Москва,Дмитровская,,,,https://pushkino.hh.ru/vacancy/46391905,https://hh.ru
Разработчик 1С со знанием Python,ИП Кулагин Илья Сергеевич,Москва,,,,,https://pushkino.hh.ru/vacancy/46425302,https://hh.ru
Python-разработчик (команда финансового ассистента Олега),Тинькофф,Екатеринбург,Площадь 1905 года,,,,https://pushkino.hh.ru/vacancy/38455239,https://hh.ru
Python-разработчик (команда финансового ассистента Олега),Тинькофф,Челябинск,,,,,https://pushkino.hh.ru/vacancy/42202109,https://hh.ru
Преподаватель по курсу Автоматизация тестирования на Python,Ozon Офис и Коммерция,Москва,,,,,https://pushkino.hh.ru/vacancy/46374816,https://hh.ru
Senior\Lead Python Developer,instinctools,Москва,,,,,https://pushkino.hh.ru/vacancy/46373440,https://hh.ru
Senior\Lead Python Developer,instinctools,Санкт-Петербург,,,,,https://pushkino.hh.ru/vacancy/46373441,https://hh.ru
Ведущий тестировщик (автотестер на Python),НИИ «Восход»,Москва,Проспект Вернадского,,,,https://pushkino.hh.ru/vacancy/46148476,https://hh.ru
Senior\Lead Python Developer,instinctools,Нижний Новгород,,,,,https://pushkino.hh.ru/vacancy/46373442,https://hh.ru
"Web Developer (Python, JavaScript) remote",МАГНИТ,Краснодар,,,,,https://pushkino.hh.ru/vacancy/45752545,https://hh.ru
"Junior Fullstack разработчик (Vue.js, Node.js, Python)",FinSTC Software LLC,Санкт-Петербург,Пролетарская,60000,75000,руб.,https://pushkino.hh.ru/vacancy/46391860,https://hh.ru
"Full-stack developer (Python, SQL, JAVA, Linux)",Nokia Networks,Краснодар,,,,,https://pushkino.hh.ru/vacancy/46314476,https://hh.ru
"Full-stack developer (Python, SQL, JAVA, Linux)",Nokia Networks,Санкт-Петербург,,,,,https://pushkino.hh.ru/vacancy/46314478,https://hh.ru
"Full-stack developer (Python, SQL, JAVA, Linux)",Nokia Networks,Москва,,,,,https://pushkino.hh.ru/vacancy/46314477,https://hh.ru
Инженер по автоматическому тестированию (Python).,Auriga,Нижний Новгород,,,,,https://pushkino.hh.ru/vacancy/46479336,https://hh.ru
Инженер по автоматическому тестированию (Python).,Auriga,Москва,,,,,https://pushkino.hh.ru/vacancy/46479338,https://hh.ru
Инженер по автоматическому тестированию (Python).,Auriga,Новосибирск,,,,,https://pushkino.hh.ru/vacancy/46479335,https://hh.ru
"Python Developer (Payment Systems Team, remotely)",Exness,Санкт-Петербург,,,,,https://pushkino.hh.ru/vacancy/46313385,https://hh.ru
"Senior Python Developer (Gatech, remotely or relocation)",Exness,Москва,,,,,https://pushkino.hh.ru/vacancy/46313390,https://hh.ru
"Software Engineer (Python) (Cyprus, Limassol / Remotely)",Exness,Москва,,,,,https://pushkino.hh.ru/vacancy/46313379,https://hh.ru
Аналитик-разработчик (Python) программ финансовой аналитики,ПАО БАНК УРАЛСИБ,Москва,,,,,https://pushkino.hh.ru/vacancy/46312912,https://hh.ru
QA Automation Engineer (Python) - Disaster Management,ООО Контурные карты,Минск,,1500,3000,USD,https://pushkino.hh.ru/vacancy/43193072,https://hh.ru
Python&Golang developer (Middle/Senior),IBS,Москва,,,,,https://pushkino.hh.ru/vacancy/46309835,https://hh.ru
Разработчик бэкенда в Яндекс.Гараж (C++ / Python),Яндекс,Москва,,,,,https://pushkino.hh.ru/vacancy/46288026,https://hh.ru
"Middle Software Developer C++/Python (relocation to Estonia, Tallinn)",Parallels,Москва,Свиблово,,,,https://pushkino.hh.ru/vacancy/44689297,https://hh.ru
"Веб-разработчик Full stack (Java,JS, Python, XS, HTML5)",ООО Стримлайн консалтинг,Казань,Кремлевская,,,,https://pushkino.hh.ru/vacancy/45525255,https://hh.ru
"Senior Software Developer C++/Python (relocation to Estonia, Tallinn)",Parallels,Москва,Свиблово,,,,https://pushkino.hh.ru/vacancy/44689401,https://hh.ru
QA Automation Engineer (Python) / Тестировщик,Протей,Санкт-Петербург,Выборгская,,,,https://pushkino.hh.ru/vacancy/45488558,https://hh.ru
Инфраструктурный разработчик (Разработчик Python/Go),X5 RETAIL GROUP,Москва,,,,,https://pushkino.hh.ru/vacancy/46276366,https://hh.ru
Python Full Stack Developer (remote),Velvetech,Новосибирск,,,,,https://pushkino.hh.ru/vacancy/45510044,https://hh.ru
Cloud Python Engineer,Quantori,Воронеж,,,,,https://pushkino.hh.ru/vacancy/46275641,https://hh.ru
Team Lead/Senior Python developer,SUNLIGHT/САНЛАЙТ,Москва,Мякинино,,,,https://pushkino.hh.ru/vacancy/42055443,https://hh.ru
"Middle/Senior QA Automation (Mobile, Python)",ПАО МегаФон,Москва,Маяковская,,,,https://pushkino.hh.ru/vacancy/46211298,https://hh.ru
Fullstack-разработчик (Python/React),ООО Гарда Технологии,Нижний Новгород,Горьковская,,,,https://pushkino.hh.ru/vacancy/45446732,https://hh.ru
DevOps-инженер (mobile/python),Mail.ru Group,Москва,Аэропорт,,,,https://pushkino.hh.ru/vacancy/46192171,https://hh.ru
"Разработчик ETL (Python), Корпоративное развитие",Ozon Информационные технологии,Москва,Деловой центр,,,,https://pushkino.hh.ru/vacancy/46177505,https://hh.ru
Custody Risk Manager (Analyst with SQL&Python),LATOKEN,Москва,,120000,240000,руб.,https://pushkino.hh.ru/vacancy/40676057,https://hh.ru
Full Stack Developer (Python & Vue.js) Remote,Motoinsight,Канада,,3200,5000,USD,https://pushkino.hh.ru/vacancy/46205428,https://hh.ru
Senior QA Engineer (Python),ЗАО Научсофт,Минск,,,,,https://pushkino.hh.ru/vacancy/46165935,https://hh.ru
Fullstack Middle Dev Python (Django \ Flask) + ReactJS,КРОК,Москва,,,,,https://pushkino.hh.ru/vacancy/46176932,https://hh.ru
Разработчик Python в тестировании в команду Cloud-net,Selectel,Санкт-Петербург,Московские ворота,100000,,,https://pushkino.hh.ru/vacancy/46154319,https://hh.ru
Разработчик на С++/Python в Яндекс.Карты,Яндекс,Москва,,,,,https://pushkino.hh.ru/vacancy/44761688,https://hh.ru
Разработчик бэкенда в Единое Избранное (Python),Яндекс,Москва,,,,,https://pushkino.hh.ru/vacancy/46172279,https://hh.ru
QA Automation Engineer ( Python ),АО ФИНАМ,Москва,,,,,https://pushkino.hh.ru/vacancy/43944798,https://hh.ru
Ведущий программист (Python / VueJS),Альфакон,Зеленоград,,180000,200000,руб.,https://pushkino.hh.ru/vacancy/46198144,https://hh.ru
Разработчик Python в команду HR сервисов,Selectel,Санкт-Петербург,Московские ворота,,,,https://pushkino.hh.ru/vacancy/46163868,https://hh.ru
Ведущий программист (Python + VueJS),Альфакон,Новосибирск,,180000,200000,руб.,https://pushkino.hh.ru/vacancy/46174612,https://hh.ru
Ведущий программист (Python + VueJS),Альфакон,Казань,,180000,200000,руб.,https://pushkino.hh.ru/vacancy/46174423,https://hh.ru
Преподаватель по Python/Scratch в онлайн-школу по программированию (удалённо),ИП Хамитов И.Ж,Караганда,,,,,https://pushkino.hh.ru/vacancy/46160883,https://hh.ru
Ведущий программист (Python + VueJS),Альфакон,Екатеринбург,,180000,200000,руб.,https://pushkino.hh.ru/vacancy/46174597,https://hh.ru
Ведущий программист (Python + VueJS),Альфакон,Калининград,,180000,200000,руб.,https://pushkino.hh.ru/vacancy/46174664,https://hh.ru
